"Pais","Año","Sexo","Prev.cardiac","Prev.diab","Prev.hiper","Region","Media.obes","Porcentaje.gastos","Gasto.total","Porcentaje.gastos_log"
"Argentina",2000,"Men",1.13642571877287,0.43490218837386,2.82848824409704,"Americas",-0.329916593603581,1349.025282,9.21,0.985311783187074
"Argentina",2000,"Women",0.679382735050626,0.308318755273643,0.474663602644817,"Americas",-0.300910693261274,1349.025282,9.21,0.985311783187074
"Argentina",2001,"Men",1.14130384585693,0.457556356377485,2.72614804229477,"Americas",-0.256771279696895,123.0128671,9.38,-0.175501808723705
"Argentina",2001,"Women",0.762686136024631,0.349446164199241,0.346738350391979,"Americas",-0.221459748845391,123.0128671,9.38,-0.175501808723705
"Argentina",2002,"Women",0.740296783510596,0.391337162677595,0.218813098139141,"Americas",-0.140747678327669,470.1869145,8.31,0.473519789464498
"Argentina",2002,"Men",1.19496324378163,0.474433898387562,2.59822279004193,"Americas",-0.184887091892048,470.1869145,8.31,0.473519789464498
"Argentina",2003,"Women",0.787702172353161,0.441911936655504,0.0908878458863026,"Americas",-0.0587744817081063,57.58467352,8.22,-0.540113636164338
"Argentina",2003,"Men",1.144430850398,0.498459010837257,2.49588258823966,"Americas",-0.113002904087202,57.58467352,8.22,-0.540113636164338
"Argentina",2004,"Women",0.641233279649618,0.500844077776715,-0.0370374063665356,"Americas",0.0231987149114556,719.3663797,6.84,0.67991671413875
"Argentina",2004,"Men",0.936172347962986,0.528341223687734,2.36795733598682,"Americas",-0.0398575901805152,719.3663797,6.84,0.67991671413875
"Argentina",2005,"Men",0.831480235928088,0.564980514905761,2.26561713418455,"Americas",0.0332877237261707,96.16653429,6.85,-0.294116128777808
"Argentina",2005,"Women",0.593452650262125,0.567788050418611,-0.164962658619374,"Americas",0.107694163734696,96.16653429,6.85,-0.294116128777808
"Argentina",2006,"Women",0.573439821199301,0.639674021998023,-0.267302860421645,"Americas",0.194711864761616,961.1774676,6.68,0.820643681724725
"Argentina",2006,"Men",0.773443031645898,0.605926826454226,2.16327693238228,"Americas",0.107694163734696,961.1774676,6.68,0.820643681724725
"Argentina",2007,"Women",0.743048547506735,0.717120034328049,-0.395228112674483,"Americas",0.282990691890375,1105.659031,6.49,0.888664857362908
"Argentina",2007,"Men",0.890768242026704,0.653798613551863,2.06093673058001,"Americas",0.183361729845061,1105.659031,6.49,0.888664857362908
"Argentina",2008,"Women",0.582320514095929,0.797233906515768,-0.497568314476753,"Americas",0.375052897324653,1413.73543,6.66,1.00807556896961
"Argentina",2008,"Men",0.703398129926015,0.704508006646264,1.95859652877774,"Americas",0.260290422057266,1413.73543,6.66,1.00807556896961
"Argentina",2009,"Men",0.684385942316332,0.756511548435514,1.85625632697547,"Americas",0.341002492574988,1398.042623,7.63,1.00265224407461
"Argentina",2009,"Women",0.555053034497832,0.879056400038528,-0.599908516279024,"Americas",0.470898481064448,1398.042623,7.63,1.00265224407461
"Argentina",2010,"Women",0.788327573261374,0.965934387177988,-0.702248718081295,"Americas",0.569266317007923,187.610955,6.55,0.0283649218868624
"Argentina",2010,"Men",0.829478953021806,0.815092411349332,1.77950117562377,"Americas",0.42423681529639,187.610955,6.55,0.0283649218868624
"Argentina",2012,"Women",0.639357076924978,1.14980377438952,-0.906929121685836,"Americas",0.779874376015105,1133.558003,5.2,0.900770198817255
"Argentina",2012,"Women",0.753054962038147,1.14980377438952,-0.906929121685836,"Americas",0.779874376015105,1133.558003,5.2,0.900770198817255
"Argentina",2012,"Men",0.748802235862296,0.946882599768756,1.62599087292036,"Americas",0.602055595655748,1133.558003,5.2,0.900770198817255
"Argentina",2013,"Men",0.671502683607139,1.01469167872514,1.52365067111809,"Americas",0.696640053293704,1001.796332,4.99,0.840747715637791
"Argentina",2013,"Women",0.57669190592201,1.24550337508814,-0.983684273037539,"Americas",0.889592346875135,1001.796332,4.99,0.840747715637791
"Argentina",2014,"Men",0.565184529210886,1.08307318842275,1.44689551976639,"Americas",0.796269015339018,847.3717463,4.79,0.759440072505089
"Argentina",2014,"Men",0.762811216206273,1.08307318842275,1.44689551976639,"Americas",0.796269015339018,847.3717463,4.79,0.759440072505089
"Argentina",2014,"Women",0.485758613867803,1.34267764685747,-1.08602447483981,"Americas",1.00183256993884,847.3717463,4.79,0.759440072505089
"Bahamas",2000,"Men",0.0441004924876065,0.13018785366999,2.08652178103058,"Americas",0.533954786156419,0,5.21,-2.51920215451706
"Bahamas",2000,"Women",-0.0735999584381275,1.18263292518664,0.193228047688573,"Americas",1.43439882286976,0,5.21,-2.51920215451706
"Bahamas",2001,"Men",0.23684905239893,0.256637917080876,1.98418157922831,"Americas",0.655022891933003,0,5.15,-2.51920215451706
"Bahamas",2001,"Women",0.0140812488933704,1.33509650479455,0.0653027954357346,"Americas",1.5731226940721,0,5.15,-2.51920215451706
"Bahamas",2002,"Women",-0.0479585212013841,1.48723488887275,-0.0626224568171036,"Americas",1.71184656527443,0,5.26,-2.51920215451706
"Bahamas",2002,"Men",0.150293566702216,0.379223634473122,1.88184137742604,"Americas",0.774829871607748,0,5.26,-2.51920215451706
"Bahamas",2003,"Women",-0.00555633962452589,1.63709064867706,-0.164962658619374,"Americas",1.84930931037493,0,5.62,-2.51920215451706
"Bahamas",2003,"Men",0.139661751262591,0.49694803555427,1.80508622607433,"Americas",0.890853472976974,0,5.62,-2.51920215451706
"Bahamas",2004,"Women",0.156672655965992,1.77841556801325,-0.292887910872212,"Americas",1.98551092937359,0,6.2,-2.51920215451706
"Bahamas",2004,"Men",0.442230710656161,0.607003158321163,1.72833107472263,"Americas",1.00183256993884,0,6.2,-2.51920215451706
"Bahamas",2005,"Men",0.336788117531407,0.708027607088925,1.65157592337093,"Americas",1.10902828859519,0,5.95,-2.51920215451706
"Bahamas",2005,"Women",0.00369959381703033,1.91373199901161,-0.395228112674483,"Americas",2.1204514222704,0,5.95,-2.51920215451706
"Bahamas",2006,"Women",0.0168330128895087,2.04587719044332,-0.497568314476753,"Americas",2.25539191516722,0,6.93,-2.51920215451706
"Bahamas",2006,"Men",0.479504604785671,0.802425450859602,1.54923572156866,"Americas",1.21117950284419,0,6.93,-2.51920215451706
"Bahamas",2007,"Women",-0.0652195862680697,2.17652518059695,-0.625493566729592,"Americas",2.3890712819622,0,7.8,-2.51920215451706
"Bahamas",2007,"Men",0.369434044940139,0.891734381967376,1.44689551976639,"Americas",1.30702508658398,0,7.8,-2.51920215451706
"Bahamas",2008,"Women",-0.025068847960779,2.30259696966876,-0.727833768531863,"Americas",2.52148952265534,0,7.3,-2.51920215451706
"Bahamas",2008,"Men",0.454238408093856,0.976851691333629,1.37014036841468,"Americas",1.39656503981458,0,7.3,-2.51920215451706
"Bahamas",2009,"Men",0.460992737902559,1.06225122294409,1.26780016661241,"Americas",1.48106048863782,0,7.43,-2.51920215451706
"Bahamas",2009,"Women",0.0608612368277213,2.42823771009079,-0.830173970334133,"Americas",2.65516888945032,0,7.43,-2.51920215451706
"Bahamas",2010,"Women",0.0474776573919578,2.55871282565702,-0.932514172136403,"Americas",2.78758713014346,0,7.44,-2.51920215451706
"Bahamas",2010,"Men",0.567561052662097,1.15328048692374,1.19104501526071,"Americas",1.55925030695186,0,7.44,-2.51920215451706
"Bahamas",2012,"Women",0.107766304943715,2.83135687696296,-1.11160952529038,"Americas",3.05368473763157,0,7.43,-2.51920215451706
"Bahamas",2012,"Women",0.0248381445146382,2.83135687696296,-1.11160952529038,"Americas",3.05368473763157,0,7.43,-2.51920215451706
"Bahamas",2012,"Men",0.560556562490108,1.35254114964262,1.01194966210674,"Americas",1.6979741781542,0,7.43,-2.51920215451706
"Bahamas",2013,"Men",0.404206335436796,1.46309382873385,0.935194510755034,"Americas",1.75850823104249,0,7.5,-2.51920215451706
"Bahamas",2013,"Women",0.0413487284914679,2.97782626163668,-1.21394972709265,"Americas",3.18484185222287,0,7.5,-2.51920215451706
"Bahamas",2014,"Men",0.4790042840591,1.58379606815861,0.832854308952764,"Americas",1.81652003172711,0,7.74,-2.51920215451706
"Bahamas",2014,"Men",0.58044431137129,1.58379606815861,0.832854308952764,"Americas",1.81652003172711,0,7.74,-2.51920215451706
"Bahamas",2014,"Women",-0.016563395609079,3.13343927235466,-1.29070487844435,"Americas",3.31599896681417,0,7.74,-2.51920215451706
"Barbados",2000,"Men",1.36457197008906,0.0607179890685063,1.6771609738215,"Americas",-0.928951491977304,1140.615754,5.16,0.90378537459889
"Barbados",2000,"Women",2.10729808868312,1.67698107120851,0.269983199040276,"Americas",1.14812319775221,1140.615754,5.16,0.90378537459889
"Barbados",2001,"Men",1.1588150712869,0.178012153366542,1.62599087292036,"Americas",-0.848239421459581,138.1664627,5.47,-0.119449323128586
"Barbados",2001,"Women",2.14344626117784,1.83213039552348,0.218813098139141,"Americas",1.25531891640856,138.1664627,5.47,-0.119449323128586
"Barbados",2002,"Women",2.19335325365326,1.98362522250624,0.167642997238005,"Americas",1.36125350896308,133.099491,5.76,-0.137482118574387
"Barbados",2002,"Men",1.20884714394396,0.288265223558828,1.57482077201922,"Americas",-0.767527350941858,133.099491,5.76,-0.137482118574387
"Barbados",2003,"Women",2.04750976185793,2.13378200995567,0.11647289633687,"Americas",1.46718810151759,13.5139917,5.82,-1.21854605755779
"Barbados",2003,"Men",1.27351359785321,0.394511416513268,1.52365067111809,"Americas",-0.685554154322296,13.5139917,5.82,-1.21854605755779
"Barbados",2004,"Women",1.95670154998537,2.28761982948562,0.0908878458863026,"Americas",1.5731226940721,166.0083443,5.71,-0.0307784796609825
"Barbados",2004,"Men",1.21947895938359,0.503056696709121,1.47248057021695,"Americas",-0.604842083804574,166.0083443,5.71,-0.0307784796609825
"Barbados",2005,"Men",1.00496644786644,0.617951111002669,1.42131046931582,"Americas",-0.524130013286851,1311.440423,5.38,0.971583757670886
"Barbados",2005,"Women",1.91304856659208,2.44860911059267,0.0397177449851666,"Americas",1.67779616052477,1311.440423,5.38,0.971583757670886
"Barbados",2006,"Women",2.0395046302328,2.61744293466113,0.0141326945345995,"Americas",1.78246962697744,181.5000856,5.27,0.0123513317808944
"Barbados",2006,"Men",1.18383110761543,0.741020784871149,1.37014036841468,"Americas",-0.444679068870968,181.5000856,5.27,0.0123513317808944
"Barbados",2007,"Women",2.0779042459971,2.79086752205026,-0.0114523559159685,"Americas",1.88714309343011,1641.30981,5.64,1.08059860935486
"Barbados",2007,"Men",1.5077887780699,0.874290030376491,1.31897026751355,"Americas",-0.365228124455085,1641.30981,5.64,1.08059860935486
"Barbados",2008,"Women",2.05538981330142,2.9683061730815,-0.0370374063665356,"Americas",1.99181655988278,25.52277112,6.1,-0.925417058458896
"Barbados",2008,"Men",1.52379904132016,1.01373054938864,1.29338521706298,"Americas",-0.28829943224288,25.52277112,6.1,-0.925417058458896
"Barbados",2009,"Men",1.25262520751889,1.15395783910622,1.26780016661241,"Americas",-0.211370740030676,327.1618128,6.21,0.29763571469741
"Barbados",2009,"Women",2.05901713856906,3.14661705670298,-0.0626224568171036,"Americas",2.09649002633546,327.1618128,6.21,0.29763571469741
"Barbados",2010,"Women",2.02862265442989,3.33015918250335,-0.0882075072676716,"Americas",2.20116349278813,154.9630863,6.17,-0.0640468462891413
"Barbados",2010,"Men",1.13930256295065,1.30037407377576,1.26780016661241,"Americas",-0.13696430002215,154.9630863,6.17,-0.0640468462891413
"Barbados",2012,"Women",2.11943086630246,3.70896658914448,-0.113792557718239,"Americas",2.41177155179531,260.0043858,7.43,0.186309314069722
"Barbados",2012,"Women",2.14257069990635,3.70896658914448,-0.113792557718239,"Americas",2.41177155179531,260.0043858,7.43,0.186309314069722
"Barbados",2012,"Men",1.13142251150716,1.60327292542873,1.24221511616185,"Americas",0.00932632779122206,260.0043858,7.43,0.186309314069722
"Barbados",2013,"Men",1.23223713791114,1.76333006687433,1.21663006571128,"Americas",0.0812105155960688,263.0372838,7.57,0.191926505012686
"Barbados",2013,"Women",2.28253542316447,3.90910606817117,-0.139377608168807,"Americas",2.51770614434982,263.0372838,7.57,0.191926505012686
"Barbados",2014,"Men",1.27563996094114,1.93018029801328,1.21663006571128,"Americas",0.154355829502755,294.9056584,7.47,0.24732985665144
"Barbados",2014,"Men",1.09890166428007,1.93018029801328,1.21663006571128,"Americas",0.154355829502755,294.9056584,7.47,0.24732985665144
"Barbados",2014,"Women",2.2582698679258,4.11529330020463,-0.139377608168807,"Americas",2.62237961080249,294.9056584,7.47,0.24732985665144
"Canada",2000,"Men",0.944802880496329,-0.476875153158289,2.11210683148115,"Americas",-0.0385964640786756,3787.49456,8.67,1.48700122760853
"Canada",2000,"Men",0.944802880496329,-0.476875153158289,0.0908878458863026,"Americas",-0.0385964640786756,3787.49456,8.67,1.48700122760853
"Canada",2000,"Women",0.916909999990018,-0.899902229730607,0.193228047688573,"Americas",-0.101652769170646,3787.49456,8.67,1.48700122760853
"Canada",2000,"Women",0.916909999990018,-0.899902229730607,-1.67448063520287,"Americas",-0.101652769170646,3787.49456,8.67,1.48700122760853
"Canada",2001,"Men",0.840861249551287,-0.426486746985904,-0.0370374063665356,"Americas",0.0408544803372075,3665.089703,9.1,1.47103271069782
"Canada",2001,"Women",0.844613655000567,-0.868143897774608,0.0653027954357346,"Americas",-0.0385964640786756,3665.089703,9.1,1.47103271069782
"Canada",2001,"Women",0.844613655000567,-0.868143897774608,-1.77682083700514,"Americas",-0.0385964640786756,3665.089703,9.1,1.47103271069782
"Canada",2001,"Men",0.840861249551287,-0.426486746985904,2.00976662967888,"Americas",0.0408544803372075,3665.089703,9.1,1.47103271069782
"Canada",2002,"Women",0.824850986301028,-0.838161711180871,-1.85357598835684,"Americas",0.0194153366059372,3895.856308,9.37,1.50071293095441
"Canada",2002,"Men",0.786701530900019,-0.37607677974627,1.9074264278766,"Americas",0.115260920345733,3895.856308,9.37,1.50071293095441
"Canada",2002,"Women",0.824850986301028,-0.838161711180871,-0.0626224568171036,"Americas",0.0194153366059372,3895.856308,9.37,1.50071293095441
"Canada",2003,"Women",0.73716977896953,-0.811303295345293,-0.164962658619374,"Americas",0.073643758985032,4687.845565,9.54,1.59066894514305
"Canada",2003,"Men",0.789578375077801,-0.327323067806084,1.8306712765249,"Americas",0.18714510815058,4687.845565,9.54,1.59066894514305
"Canada",2003,"Women",0.73716977896953,-0.811303295345293,-1.95591619015911,"Americas",0.073643758985032,4687.845565,9.54,1.59066894514305
"Canada",2003,"Men",0.789578375077801,-0.327323067806084,-0.292887910872212,"Americas",0.18714510815058,4687.845565,9.54,1.59066894514305
"Canada",2004,"Women",0.670376961972355,-0.785829759547387,-2.03267134151081,"Americas",0.122827676956769,5513.329924,9.56,1.66951393146696
"Canada",2004,"Women",0.670376961972355,-0.785829759547387,-0.292887910872212,"Americas",0.122827676956769,5513.329924,9.56,1.66951393146696
"Canada",2004,"Men",0.659995306896015,-0.280038084284916,-0.395228112674483,"Americas",0.253984791548068,5513.329924,9.56,1.66951393146696
"Canada",2004,"Men",0.659995306896015,-0.280038084284916,1.72833107472263,"Americas",0.253984791548068,5513.329924,9.56,1.66951393146696
"Canada",2005,"Women",0.614591200959733,-0.762744649385788,-2.13501154331308,"Americas",0.169489342724828,6333.177967,9.57,1.73690689879461
"Canada",2005,"Men",0.57293950047273,-0.236235180126697,-0.523153364927321,"Americas",0.3157799705382,6333.177967,9.57,1.73690689879461
"Canada",2005,"Women",0.614591200959733,-0.762744649385788,-0.42081316312505,"Americas",0.169489342724828,6333.177967,9.57,1.73690689879461
"Canada",2005,"Men",0.57293950047273,-0.236235180126697,1.62599087292036,"Americas",0.3157799705382,6333.177967,9.57,1.73690689879461
"Canada",2006,"Women",0.456614931545066,-0.740542727594629,-2.21176669466479,"Americas",0.211106504085528,771.1817686,9.75,0.71368859888539
"Canada",2006,"Men",0.474376317338322,-0.194976522849465,-0.65107861718016,"Americas",0.373791771222813,771.1817686,9.75,0.71368859888539
"Canada",2006,"Men",0.474376317338322,-0.194976522849465,1.52365067111809,"Americas",0.373791771222813,771.1817686,9.75,0.71368859888539
"Canada",2006,"Women",0.456614931545066,-0.740542727594629,-0.523153364927321,"Americas",0.211106504085528,771.1817686,9.75,0.71368859888539
"Canada",2007,"Men",0.458366054088063,-0.158879454381432,-0.75341881898243,"Americas",0.425497941398229,7946.743581,9.83,1.84724066600583
"Canada",2007,"Men",0.458366054088063,-0.158879454381432,1.44689551976639,"Americas",0.425497941398229,7946.743581,9.83,1.84724066600583
"Canada",2007,"Women",0.465620704623337,-0.719979915459333,-2.31410689646706,"Americas",0.250201413242551,7946.743581,9.83,1.84724066600583
"Canada",2007,"Women",0.465620704623337,-0.719979915459333,-0.65107861718016,"Americas",0.250201413242551,7946.743581,9.83,1.84724066600583
"Canada",2008,"Men",0.436226861937314,-0.126374062574153,-0.881344071235268,"Americas",0.472159607166288,8433.936814,1.3,1.87616708595192
"Canada",2008,"Women",0.423718843773049,-0.699867266068431,-2.39086204781876,"Americas",0.286774070195894,8433.936814,1.3,1.87616708595192
"Canada",2008,"Women",0.423718843773049,-0.699867266068431,-0.75341881898243,"Americas",0.286774070195894,8433.936814,1.3,1.87616708595192
"Canada",2008,"Men",0.436226861937314,-0.126374062574153,1.34455531796412,"Americas",0.472159607166288,8433.936814,1.3,1.87616708595192
"Canada",2009,"Women",0.341666244615471,-0.680133953254071,-0.881344071235268,"Americas",0.319563348843719,864.94993,11.17,0.769411267912262
"Canada",2009,"Men",0.365681639490859,-0.0971718438724558,1.26780016661241,"Americas",0.51125451632331,864.94993,11.17,0.769411267912262
"Canada",2009,"Women",0.341666244615471,-0.680133953254071,-2.46761719917046,"Americas",0.319563348843719,864.94993,11.17,0.769411267912262
"Canada",2009,"Men",0.365681639490859,-0.0971718438724558,-1.00926932348811,"Americas",0.51125451632331,864.94993,11.17,0.769411267912262
"Canada",2010,"Women",0.285755403421206,-0.658218588844245,-0.983684273037539,"Americas",0.348569249186025,8649.674911,11.2,1.88844627589707
"Canada",2010,"Women",0.285755403421206,-0.658218588844245,-2.56995740097273,"Americas",0.348569249186025,8649.674911,11.2,1.88844627589707
"Canada",2010,"Men",0.293635454864693,-0.0696880851419762,1.19104501526071,"Americas",0.545304921072974,8649.674911,11.2,1.88844627589707
"Canada",2010,"Men",0.293635454864693,-0.0696880851419762,-1.13719457574094,"Americas",0.545304921072974,8649.674911,11.2,1.88844627589707
"Canada",2011,"Women",0.206704728623052,-0.63568602547995,-2.64671255232444,"Americas",0.372530645120974,971.9280384,1.82,0.826046018661206
"Canada",2011,"Men",0.217586704425962,-0.0437028150675635,-1.26511982799378,"Americas",0.571788569211602,971.9280384,1.82,0.826046018661206
"Canada",2011,"Women",0.206704728623052,-0.63568602547995,-1.08602447483981,"Americas",0.372530645120974,971.9280384,1.82,0.826046018661206
"Canada",2011,"Men",0.217586704425962,-0.0437028150675635,1.11428986390901,"Americas",0.571788569211602,971.9280384,1.82,0.826046018661206
"Canada",2012,"Women",0.174434041759248,-0.607631262336449,-2.72346770367614,"Americas",0.393969788852244,9748.636237,1.78,1.94659293353576
"Canada",2012,"Women",0.174434041759248,-0.607631262336449,-1.18836467664208,"Americas",0.393969788852244,9748.636237,1.78,1.94659293353576
"Canada",2012,"Men",0.238975415486855,-0.00916677781678761,-1.36746002979605,"Americas",0.59574996514655,9748.636237,1.78,1.94659293353576
"Canada",2012,"Men",0.238975415486855,-0.00916677781678761,1.03753471255731,"Americas",0.59574996514655,9748.636237,1.78,1.94659293353576
"Canada",2013,"Men",0.259238404912964,0.0290090640829643,0.960779561205602,"Americas",0.617189108877821,9733.228019,1.67,1.9458239310677
"Canada",2013,"Men",0.259238404912964,0.0290090640829643,-1.49538528204889,"Americas",0.617189108877821,9733.228019,1.67,1.9458239310677
"Canada",2013,"Women",0.205829167351553,-0.576151522355364,-2.80022285502784,"Americas",0.412886680379835,9733.228019,1.67,1.9458239310677
"Canada",2013,"Women",0.205829167351553,-0.576151522355364,-1.26511982799378,"Americas",0.412886680379835,9733.228019,1.67,1.9458239310677
"Canada",2014,"Men",0.285880483602849,0.0700468488263684,-1.59772548385116,"Americas",0.63988937871093,102.1902168,1.45,-0.264871957446587
"Canada",2014,"Men",0.285880483602849,0.0700468488263684,0.884024409853899,"Americas",0.63988937871093,102.1902168,1.45,-0.264871957446587
"Canada",2014,"Women",0.215085100793109,-0.541116813756324,-1.36746002979605,"Americas",0.429281319703747,102.1902168,1.45,-0.264871957446587
"Canada",2014,"Women",0.215085100793109,-0.541116813756324,-2.85139295592898,"Americas",0.429281319703747,102.1902168,1.45,-0.264871957446587
"Chile",2002,"Men",-0.271726966160085,0.120807059909773,-0.164962658619374,"Americas",-0.356400241742209,675.7808443,6.48,0.64957141095286
"Colombia",2000,"Men",-0.640088101097689,-1.21658303390548,0.704929056699926,"Americas",-1.63896548731289,477.1341814,5.91,0.480636166163868
"Colombia",2000,"Women",-0.614946984587517,-0.674128904489125,-0.0882075072676716,"Americas",-0.645198119063435,477.1341814,5.91,0.480636166163868
"Colombia",2001,"Men",-0.671358146508352,-1.14467403282155,0.628173905348223,"Americas",-1.58599819103564,404.4205858,5.96,0.400428512169445
"Colombia",2001,"Women",-0.629331205476422,-0.610400627701067,-0.190547709069942,"Americas",-0.579619561767786,404.4205858,5.96,0.400428512169445
"Colombia",2002,"Women",-0.634334412742127,-0.545325495047231,-0.267302860421645,"Americas",-0.515302130573975,393.8773633,5.67,0.387617096603515
"Colombia",2002,"Men",-0.722766101163481,-1.07190494305643,0.55141875399652,"Americas",-1.53050864255471,393.8773633,5.67,0.387617096603515
"Colombia",2003,"Women",-0.620700672943079,-0.479160649294514,-0.369643062223915,"Americas",-0.450984699380165,417.8038898,5.92,0.416219392138962
"Colombia",2003,"Men",-0.657474246346018,-0.997659742385101,0.500248653095384,"Americas",-1.47375796797193,417.8038898,5.92,0.416219392138962
"Colombia",2004,"Women",-0.633834092015557,-0.411032011423777,-0.471983264026186,"Americas",-0.385406142084515,42.17956418,5.37,-0.688457905051733
"Colombia",2004,"Men",-0.631332488382704,-0.921222949090034,0.423493501743681,"Americas",-1.41448504118548,42.17956418,5.37,-0.688457905051733
"Colombia",2005,"Men",-0.582676297723713,-0.84327505469072,0.372323400842546,"Americas",-1.35521211439903,531.9808176,5.82,0.533435235253756
"Colombia",2005,"Women",-0.618824470218439,-0.341458589572358,-0.548738415377888,"Americas",-0.318566458687026,531.9808176,5.82,0.533435235253756
"Colombia",2006,"Women",-0.581300415725644,-0.270368550427773,-0.65107861718016,"Americas",-0.250465649187698,62.43710774,6.11,-0.501423370671539
"Colombia",2006,"Men",-0.580800094999073,-0.764162439770274,0.295568249490843,"Americas",-1.29467806151073,62.43710774,6.11,-0.501423370671539
"Colombia",2007,"Women",-0.603564688058036,-0.198351465058762,-0.727833768531863,"Americas",-0.178581461382851,780.5946749,6.25,0.719579623530316
"Colombia",2007,"Men",-0.613320942226162,-0.683121916031969,0.244398148589708,"Americas",-1.23162175641876,780.5946749,6.25,0.719579623530316
"Colombia",2008,"Women",-0.572920043555586,-0.125327745445119,-0.804588919883565,"Americas",-0.104175021374326,978.07041,6.62,0.829105926710199
"Colombia",2008,"Men",-0.599437042063828,-0.600805650681484,0.193228047688573,"Americas",-1.16982657742863,978.07041,6.62,0.829105926710199
"Colombia",2009,"Men",-0.684616645762473,-0.515877999342645,0.142057946787438,"Americas",-1.10677027233666,941.6464045,7.1,0.810672730261005
"Colombia",2009,"Women",-0.639963020916047,-0.0506832046708344,-0.906929121685836,"Americas",-0.0259852030602817,941.6464045,7.1,0.810672730261005
"Colombia",2010,"Women",-0.598311320429044,0.02612508162092,-0.983684273037539,"Americas",0.054726867457441,113.2436346,6.76,-0.215395991363829
"Colombia",2010,"Men",-0.635835374921839,-0.429529922096773,0.0653027954357346,"Americas",-1.04371396724469,113.2436346,6.76,-0.215395991363829
"Colombia",2011,"Women",-0.617823828765298,0.107015469101521,-1.06043942438924,"Americas",0.137961190178842,184.3073618,6.64,0.0197733733511953
"Colombia",2011,"Men",-0.64484114800011,-0.339124552483491,0.0141326945345995,"Americas",-0.98065766215272,184.3073618,6.64,0.0197733733511953
"Colombia",2012,"Women",-0.602939287149822,0.191506482694134,-1.13719457574094,"Americas",0.223717765103923,1487.896562,6.93,1.0329171688885
"Colombia",2012,"Men",-0.597560839339188,-0.243455300203388,-0.0370374063665356,"Americas",-0.920123609264428,1487.896562,6.93,1.0329171688885
"Colombia",2013,"Men",-0.576797529186509,-0.145008972379429,-0.0882075072676716,"Americas",-0.860850682477975,15.16255482,6.84,-1.16623806617107
"Colombia",2013,"Women",-0.567041275018382,0.27898511891938,-1.21394972709265,"Americas",0.308213213927164,15.16255482,6.84,-1.16623806617107
"Colombia",2014,"Men",-0.504125943652129,-0.0414548083082817,-0.139377608168807,"Americas",-0.802838881793362,1435.487755,7.2,1.01549436138819
"Colombia",2014,"Women",-0.480861029866596,0.369544476351447,-1.29070487844435,"Americas",0.392708662750404,1435.487755,7.2,1.01549436138819
"Costa Rica",2000,"Men",-0.510630113097547,-0.944664885371182,0.449078552194249,"Americas",-0.824278025524632,94.17819458,7.12,-0.304168675293303
"Costa Rica",2000,"Women",-0.826457571745238,-0.821155347385443,-0.42081316312505,"Americas",-0.0600356078099459,94.17819458,7.12,-0.304168675293303
"Costa Rica",2001,"Men",-0.568417157016451,-0.860566870337582,0.423493501743681,"Americas",-0.757438342127143,868.3713593,7.25,0.771328517098355
"Costa Rica",2001,"Women",-0.735023958964461,-0.740473288114608,-0.471983264026186,"Americas",0.0320265976243315,868.3713593,7.25,0.771328517098355
"Costa Rica",2002,"Women",-0.889623063474776,-0.660606909067287,-0.548738415377888,"Americas",0.124088803058609,112.9493745,8.23,-0.216649939596282
"Costa Rica",2002,"Men",-0.632708370380773,-0.778392961561364,0.372323400842546,"Americas",-0.690598658729654,112.9493745,8.23,-0.216649939596282
"Costa Rica",2003,"Women",-0.919642307069012,-0.578987290338263,-0.599908516279024,"Americas",0.216151008492886,1070.268999,8.45,0.872862350650346
"Costa Rica",2003,"Men",-0.716512092081349,-0.694652573893444,0.321153299941411,"Americas",-0.625020101434004,1070.268999,8.45,0.872862350650346
"Costa Rica",2004,"Women",-0.830460137557803,-0.494782688959855,-0.676663667630727,"Americas",0.308213213927164,1043.10795,7.8,0.860376073710977
"Costa Rica",2004,"Men",-0.666354939242646,-0.608731016942231,0.269983199040276,"Americas",-0.560702670240194,1043.10795,7.8,0.860376073710977
"Costa Rica",2005,"Men",-0.718638455169274,-0.524867353313903,0.218813098139141,"Americas",-0.497646365148223,1002.833273,7.74,0.841250216942587
"Costa Rica",2005,"Women",-0.962920049917369,-0.410180229799834,-0.727833768531863,"Americas",0.40153654546328,1002.833273,7.74,0.841250216942587
"Costa Rica",2006,"Women",-0.88887258238492,-0.326489966795759,-0.804588919883565,"Americas",0.494859876999397,1185.412346,7.82,0.922499118906294
"Costa Rica",2006,"Men",-0.62407783784743,-0.444777329094462,0.167642997238005,"Americas",-0.434590060056252,1185.412346,7.82,0.922499118906294
"Costa Rica",2007,"Women",-0.906633968178177,-0.239839128564462,-0.881344071235268,"Americas",0.590705460739193,150.8891479,8.37,-0.076915935922728
"Costa Rica",2007,"Men",-0.74865769876351,-0.361211245424385,0.11647289633687,"Americas",-0.37405600716796,150.8891479,8.37,-0.076915935922728
"Costa Rica",2008,"Women",-0.943407541581116,-0.149049881069239,-0.958099222586971,"Americas",0.689073296682667,1859.095621,9.1,1.14114303614565
"Costa Rica",2008,"Men",-0.723391502071694,-0.274788463111553,0.0653027954357346,"Americas",-0.314783080381508,1859.095621,9.1,1.14114303614565
"Costa Rica",2009,"Men",-0.695873862110311,-0.185085186243415,0.0141326945345995,"Americas",-0.255510153595056,24.88720369,9.69,-0.93720992264409
"Costa Rica",2009,"Women",-0.948535829028464,-0.0552233985961148,-1.03485437393867,"Americas",0.78996338482982,24.88720369,9.69,-0.93720992264409
"Costa Rica",2010,"Women",-0.775174697271751,0.0450665308618718,-1.11160952529038,"Americas",0.893375725180653,2377.010299,9.66,1.26057285071654
"Costa Rica",2010,"Men",-0.500623698566135,-0.0902278108014778,-0.0370374063665356,"Americas",-0.196237226808603,2377.010299,9.66,1.26057285071654
"Costa Rica",2012,"Women",-0.79068463979544,0.259602033581178,-1.26511982799378,"Americas",1.10650603639151,2568.237059,9.56,1.29817838765143
"Costa Rica",2012,"Women",-0.831335698829301,0.259602033581178,-1.26511982799378,"Americas",1.10650603639151,2568.237059,9.56,1.29817838765143
"Costa Rica",2012,"Men",-0.478609586597028,0.108347850290361,-0.139377608168807,"Americas",-0.0814747515412162,2568.237059,9.56,1.29817838765143
"Costa Rica",2013,"Men",-0.579799453545932,0.211643086264911,-0.190547709069942,"Americas",-0.0247240769584421,386.1379123,9.47,0.377993012218972
"Costa Rica",2013,"Women",-0.772422933275613,0.371691065079206,-1.36746002979605,"Americas",1.21370175504786,386.1379123,9.47,0.377993012218972
"Costa Rica",2014,"Men",-0.451467187180573,0.31898992845069,-0.241717809971077,"Americas",0.0320265976243315,384.5129138,9.31,0.375947883462202
"Costa Rica",2014,"Men",-0.557660261395183,0.31898992845069,-0.241717809971077,"Americas",0.0320265976243315,384.5129138,9.31,0.375947883462202
"Costa Rica",2014,"Women",-0.743529411316161,0.486691368690541,-1.44421518114776,"Americas",1.32089747370421,384.5129138,9.31,0.375947883462202
"Cuba",2000,"Men",1.52942764949408,-0.521196389860993,1.31897026751355,"Americas",-1.68184377477544,49.34007756,6.7,-0.613857274675509
"Cuba",2000,"Women",1.14217940712843,0.251401255951982,0.167642997238005,"Americas",-0.863372934681654,49.34007756,6.7,-0.613857274675509
"Cuba",2001,"Men",1.55044112001004,-0.474857129887939,1.16545996481014,"Americas",-1.62887647849818,322.5863149,6.27,0.290808932818887
"Cuba",2001,"Women",1.27313835730829,0.344064398378944,0.0397177449851666,"Americas",-0.804100007895202,322.5863149,6.27,0.290808932818887
"Cuba",2002,"Women",0.99583559460653,0.444556777749029,-0.0882075072676716,"Americas",-0.746088207210588,334.7672107,6.5,0.308775314976667
"Cuba",2002,"Men",1.24724675970826,-0.42226520241194,1.01194966210674,"Americas",-1.57464805611908,334.7672107,6.5,0.308775314976667
"Cuba",2003,"Women",1.19346228160192,0.539934009657011,-0.190547709069942,"Americas",-0.686815280424136,60.34145124,6.31,-0.517756571271323
"Cuba",2003,"Men",1.40084522276543,-0.377086211024533,0.858439359403332,"Americas",-1.51915850763815,60.34145124,6.31,-0.517756571271323
"Cuba",2004,"Women",1.27651552221264,0.634039376652358,-0.31847296132278,"Americas",-0.628803479739523,4.484254579,6.14,-1.69173728483919
"Cuba",2004,"Men",1.47389204884474,-0.334595166434986,0.704929056699926,"Americas",-1.46240783305538,4.484254579,6.14,-1.69173728483919
"Cuba",2005,"Men",1.71254503541892,-0.286825574679184,0.55141875399652,"Americas",-1.40313490626892,518.9359221,9.39,0.521387119813555
"Cuba",2005,"Women",1.46038338922733,0.737117544563906,-0.446398213575618,"Americas",-0.57079167905491,518.9359221,9.39,0.521387119813555
"Cuba",2006,"Women",1.20259313486183,0.847012147053738,-0.574323465828457,"Americas",-0.511518752268457,523.4724284,7.67,0.525610928490577
"Cuba",2006,"Men",1.54743919565062,-0.234508894856027,0.397908451293114,"Americas",-1.34512310558431,523.4724284,7.67,0.525610928490577
"Cuba",2007,"Women",1.26213130132373,0.960272971774215,-0.676663667630727,"Americas",-0.452245825482004,750.7147641,1.42,0.700627634556259
"Cuba",2007,"Men",1.49140327427471,-0.178890663562326,0.269983199040276,"Americas",-1.28458905269602,750.7147641,1.42,0.700627634556259
"Cuba",2008,"Women",1.50203508971434,1.08019888192395,-0.779003869432998,"Americas",-0.391711772593712,708.6157966,1.79,0.672605998318454
"Cuba",2008,"Men",1.73380866629817,-0.114433731202696,0.167642997238005,"Americas",-1.22531612590957,708.6157966,1.79,0.672605998318454
"Cuba",2009,"Men",1.69640969198701,-0.0377088479485714,0.0653027954357346,"Americas",-1.16478207302127,818.8771016,11.78,0.742829103175455
"Cuba",2009,"Women",1.46601199740125,1.20811557886883,-0.881344071235268,"Americas",-0.33117771970542,818.8771016,11.78,0.742829103175455
"Cuba",2010,"Women",1.65638403386137,1.34843983166463,-0.958099222586971,"Americas",-0.269382540715289,787.2808163,1.19,0.723721177236143
"Cuba",2010,"Men",2.0139882731777,0.0578291742108598,-0.0114523559159685,"Americas",-1.10424802013298,787.2808163,1.19,0.723721177236143
"Cuba",2011,"Women",1.40072014258379,1.49767570957367,-1.03485437393867,"Americas",-0.206326235623318,102.0645784,1.6,-0.265464294254314
"Cuba",2011,"Men",1.60410051793474,0.166138146471838,-0.0626224568171036,"Americas",-1.04371396724469,102.0645784,1.6,-0.265464294254314
"Cuba",2012,"Women",1.42360981582439,1.64220484262156,-1.13719457574094,"Americas",-0.142008804429508,742.1961992,8.59,0.695086405098409
"Cuba",2012,"Men",1.69115632435802,0.2633044419878,-0.139377608168807,"Americas",-0.981918788254559,742.1961992,8.59,0.695086405098409
"Cuba",2013,"Men",1.81873810963352,0.366214931287236,-0.21613275952051,"Americas",-0.921384735366267,95.67571176,9.48,-0.296578351350805
"Cuba",2013,"Women",1.42823778254517,1.79244648457221,-1.21394972709265,"Americas",-0.0776913732356978,95.67571176,9.48,-0.296578351350805
"Cuba",2014,"Men",1.97033528978442,0.474366316321976,-0.267302860421645,"Americas",-0.858328430274296,13.6691019,11.6,-1.21337757037818
"Cuba",2014,"Women",1.60822816392895,1.94766738681326,-1.29070487844435,"Americas",-0.0133739420418874,13.6691019,11.6,-1.21337757037818
"Ecuador",2000,"Men",-0.981682077163767,-1.5138540863572,-0.190547709069942,"Americas",-1.52420301204551,84.17527008,3.38,-0.358156861308479
"Ecuador",2000,"Women",-1.03871863999281,-1.00913510174051,-0.676663667630727,"Americas",-0.305955197668632,84.17527008,3.38,-0.358156861308479
"Ecuador",2001,"Men",-0.962419729190798,-1.45811562719133,-0.241717809971077,"Americas",-1.47501909407377,14.5887403,3.86,-1.18381356662497
"Ecuador",2001,"Women",-1.04447232834838,-0.946459154628147,-0.75341881898243,"Americas",-0.237854388169304,14.5887403,3.86,-1.18381356662497
"Ecuador",2002,"Women",-0.956791121016879,-0.885072921372703,-0.830173970334133,"Americas",-0.169753578669975,187.3843511,4.62,0.0277804255234925
"Ecuador",2002,"Men",-0.84309323590371,-1.40301364488051,-0.292887910872212,"Americas",-1.42331292389836,187.3843511,4.62,0.0277804255234925
"Ecuador",2003,"Women",-0.949036149755035,-0.824026462133275,-0.881344071235268,"Americas",-0.101652769170646,18.26183281,6.46,-1.08094370937011
"Ecuador",2003,"Men",-0.820203562663105,-1.34646263906332,-0.31847296132278,"Americas",-1.3703456276211,18.26183281,6.46,-1.08094370937011
"Ecuador",2004,"Women",-0.910011133082528,-0.761366082067909,-0.958099222586971,"Americas",-0.0322908335694789,16.37920405,6.22,-1.13095060170849
"Ecuador",2004,"Men",-0.74915801949008,-1.28751341777587,-0.369643062223915,"Americas",-1.31485607914017,16.37920405,6.22,-1.13095060170849
"Ecuador",2005,"Men",-0.666730179787574,-1.2267439160639,-0.395228112674483,"Americas",-1.25558315235371,18.09317114,5.87,-1.08521980577296
"Ecuador",2005,"Women",-0.842717995358782,-0.697682269768748,-1.00926932348811,"Americas",0.0370711020316891,18.09317114,5.87,-1.08521980577296
"Ecuador",2006,"Women",-0.806069502137486,-0.629904750725183,-1.08602447483981,"Americas",0.108955289836536,19.13983284,5.86,-1.05927155072266
"Ecuador",2006,"Men",-0.659350449070657,-1.16222699982313,-0.446398213575618,"Americas",-1.19504909946542,19.13983284,5.86,-1.05927155072266
"Ecuador",2007,"Women",-0.838715429546218,-0.558320839398462,-1.13719457574094,"Americas",0.182100603743222,19.60467787,5.94,-1.04817703748378
"Ecuador",2007,"Men",-0.666730179787574,-1.09301948383452,-0.471983264026186,"Americas",-1.13073166827161,19.60467787,5.94,-1.04817703748378
"Ecuador",2008,"Women",-0.816701317577111,-0.481014949366388,-1.21394972709265,"Americas",0.256507043751748,197.9303077,5.66,0.0542641908276441
"Ecuador",2008,"Men",-0.628580724386566,-1.01749380983293,-0.497568314476753,"Americas",-1.06389198487412,197.9303077,5.66,0.0542641908276441
"Ecuador",2009,"Men",-0.693122098114173,-0.938715014331758,-0.523153364927321,"Americas",-0.993268923171114,282.1440066,5.58,0.225895436993504
"Ecuador",2009,"Women",-0.842092594450569,-0.398893231718802,-1.26511982799378,"Americas",0.334696862065791,282.1440066,5.58,0.225895436993504
"Ecuador",2010,"Women",-0.811698110311405,-0.311857692950302,-1.31628992889492,"Americas",0.414147806481675,367.9285652,5.9,0.354568599672196
"Ecuador",2010,"Men",-0.676236273592415,-0.856257289715593,-0.523153364927321,"Americas",-0.920123609264428,367.9285652,5.9,0.354568599672196
"Ecuador",2011,"Women",-0.836338906095007,-0.218232441614916,-1.39304508024662,"Americas",0.496121003101237,344.7412164,5.92,0.323007766573196
"Ecuador",2011,"Men",-0.659600609433943,-0.767066990748423,-0.548738415377888,"Americas",-0.841933790950384,344.7412164,5.92,0.323007766573196
"Ecuador",2012,"Women",-0.787307474891088,-0.116992846466791,-1.44421518114776,"Americas",0.578094199720799,41.88087712,6.48,-0.691832836121093
"Ecuador",2012,"Men",-0.650469756174029,-0.669664385360254,-0.574323465828457,"Americas",-0.762482846534501,41.88087712,6.48,-0.691832836121093
"Ecuador",2013,"Men",-0.690370334118035,-0.566873533226025,-0.599908516279024,"Americas",-0.680509649914939,59.12850204,7.29,-0.527467002286693
"Ecuador",2013,"Women",-0.821079123934604,-0.00976666312500431,-1.49538528204889,"Americas",0.66258964854404,59.12850204,7.29,-0.527467002286693
"Ecuador",2014,"Men",-0.735399199509389,-0.459616538873825,-0.599908516279024,"Americas",-0.596014201091698,79.11626341,9.16,-0.387928355535162
"Ecuador",2014,"Women",-0.839340830454431,0.102914871154848,-1.54655538295003,"Americas",0.745823971265441,79.11626341,9.16,-0.387928355535162
"El Salvador",2000,"Men",-0.923019471973364,-0.575606812245275,0.11647289633687,"Americas",-0.989485544865595,353.6690328,8.17,0.335403339480661
"El Salvador",2000,"Women",-1.04234596526045,-0.0693777244684116,-0.31847296132278,"Americas",0.20858425188185,353.6690328,8.17,0.335403339480661
"El Salvador",2001,"Men",-0.963545450825582,-0.496226345296315,0.0908878458863026,"Americas",-0.927690365875464,332.1056586,8.2,0.304905911589334
"El Salvador",2001,"Women",-1.00719843421887,0.0236128890107809,-0.395228112674483,"Americas",0.300646457316127,332.1056586,8.2,0.304905911589334
"El Salvador",2002,"Women",-1.08074558102475,0.106560777202941,-0.446398213575618,"Americas",0.390186410546726,29.68529375,7.9,-0.85453801481269
"El Salvador",2002,"Men",-0.96579689409515,-0.425524121429072,0.0653027954357346,"Americas",-0.865895186885333,29.68529375,7.9,-0.85453801481269
"El Salvador",2003,"Women",-1.01007527839665,0.179721864242235,-0.523153364927321,"Americas",0.478465237675485,400.1342971,7.61,0.395260757275225
"El Salvador",2003,"Men",-0.993314534056533,-0.363356851382432,0.0141326945345995,"Americas",-0.804100007895202,400.1342971,7.61,0.395260757275225
"El Salvador",2004,"Women",-1.02558522092034,0.248605021787087,-0.574323465828457,"Americas",0.565482938702405,398.6058322,7.3,0.3934046001898
"El Salvador",2004,"Men",-1.01407784420921,-0.308570584459229,-0.0114523559159685,"Americas",-0.743565955006909,398.6058322,7.3,0.3934046001898
"El Salvador",2005,"Men",-0.957666682288378,-0.259423606424543,-0.0626224568171036,"Americas",-0.683031902118617,440.6027042,7.19,0.441992128517691
"El Salvador",2005,"Women",-1.00344602876959,0.315644570263255,-0.65107861718016,"Americas",0.651239513627485,440.6027042,7.19,0.441992128517691
"El Salvador",2006,"Women",-0.954164437202384,0.377445465816297,-0.727833768531863,"Americas",0.736996088552565,57.74562629,6.68,-0.538779688253351
"El Salvador",2006,"Men",-0.849597405349128,-0.220635172244291,-0.0882075072676716,"Americas",-0.625020101434004,57.74562629,6.68,-0.538779688253351
"El Salvador",2007,"Women",-1.01908105147492,0.439696083200573,-0.779003869432998,"Americas",0.822752663477645,52.30172215,6.32,-0.586062281519089
"El Salvador",2007,"Men",-0.906633968178177,-0.18512369650942,-0.139377608168807,"Americas",-0.567008300749391,52.30172215,6.32,-0.586062281519089
"El Salvador",2008,"Women",-0.932650645959848,0.499935437447919,-0.855759020784701,"Americas",0.909770364504565,53.95949877,6.21,-0.571170818692493
"El Salvador",2008,"Men",-0.85297457025348,-0.157446340133259,-0.164962658619374,"Americas",-0.510257626166618,53.95949877,6.21,-0.571170818692493
"El Salvador",2009,"Men",-0.831460779010944,-0.133369558870611,-0.21613275952051,"Americas",-0.454768077685683,416.4338399,6.83,0.414626239675185
"El Salvador",2009,"Women",-0.909510812355957,0.561377656784031,-0.932514172136403,"Americas",0.995526939429646,416.4338399,6.83,0.414626239675185
"El Salvador",2010,"Women",-0.848972004440915,0.63100310406514,-0.983684273037539,"Americas",1.0838057665584,469.3904193,6.91,0.472697210507948
"El Salvador",2010,"Men",-0.824456288838955,-0.103454629330411,-0.267302860421645,"Americas",-0.399278529204749,469.3904193,6.91,0.472697210507948
"El Salvador",2011,"Women",-0.857852697337543,0.707820742611865,-1.06043942438924,"Americas",1.17082346758532,549.2783081,6.81,0.548964038385395
"El Salvador",2011,"Men",-0.683365843946046,-0.069503070064155,-0.292887910872212,"Americas",-0.343788980723815,549.2783081,6.81,0.548964038385395
"El Salvador",2012,"Women",-0.890623704927917,0.779946511643672,-1.11160952529038,"Americas",1.25910229471408,591.7757569,6.7,0.585133882291314
"El Salvador",2012,"Men",-0.811698110311405,-0.0414315170771713,-0.344058011773348,"Americas",-0.28956055834472,591.7757569,6.7,0.585133882291314
"El Salvador",2013,"Men",-0.865107347872817,-0.0113767672725351,-0.369643062223915,"Americas",-0.236593262067464,653.6925016,6.95,0.63343819957568
"El Salvador",2013,"Women",-0.86998547495688,0.856858425227219,-1.16277962619151,"Americas",1.346119995741,653.6925016,6.95,0.63343819957568
"El Salvador",2014,"Men",-0.736024600417602,0.0229172121487364,-0.42081316312505,"Americas",-0.183625965790209,665.7260253,6.77,0.642293733592466
"El Salvador",2014,"Women",-0.845344679173278,0.941014467941502,-1.23953477754322,"Americas",1.43187657066608,665.7260253,6.77,0.642293733592466
"Guatemala",2000,"Men",-1.13453005913108,-1.11751837132433,0.142057946787438,"Americas",-1.46871346356457,238.7369808,5.25,0.144984330024658
"Guatemala",2000,"Women",-1.17555635870987,-0.783626493405808,0.0908878458863026,"Americas",-0.602319831600895,238.7369808,5.25,0.144984330024658
"Guatemala",2001,"Men",-1.1351554600393,-1.04942227755904,0.142057946787438,"Americas",-1.41322391508364,225.0619956,6.76,0.116427928590672
"Guatemala",2001,"Women",-1.19919651304034,-0.711785300530579,0.0397177449851666,"Americas",-0.512779878370296,225.0619956,6.76,0.116427928590672
"Guatemala",2002,"Women",-1.22733955390993,-0.63901092127431,-0.0114523559159685,"Americas",-0.424501051241537,25.25040918,6.71,-0.93043571334311
"Guatemala",2002,"Men",-1.19106630123356,-0.98313672556746,0.11647289633687,"Americas",-1.35647324050087,25.25040918,6.71,-0.93043571334311
"Guatemala",2003,"Women",-1.2219611060993,-0.566714153743664,-0.0370374063665356,"Americas",-0.336222224112778,249.3262948,6.88,0.165999533405128
"Guatemala",2003,"Men",-1.18343641015336,-0.919075256443956,0.11647289633687,"Americas",-1.29720031371441,249.3262948,6.88,0.165999533405128
"Guatemala",2004,"Women",-1.21683281865195,-0.494509555616161,-0.0882075072676716,"Americas",-0.250465649187698,288.4016258,6.77,0.236523806447296
"Guatemala",2004,"Men",-1.15491812873884,-0.858022807797079,0.11647289633687,"Americas",-1.23666626082612,288.4016258,6.77,0.236523806447296
"Guatemala",2005,"Men",-1.11176546607212,-0.798919086981865,0.0908878458863026,"Americas",-1.17487108183599,41.50845637,6.79,-0.696073983109934
"Guatemala",2005,"Women",-1.17530619834659,-0.422458978220263,-0.113792557718239,"Americas",-0.164709074262617,41.50845637,6.79,-0.696073983109934
"Guatemala",2006,"Women",-1.17868336325094,-0.35112889610516,-0.164962658619374,"Americas",-0.078952499337537,352.0244894,7.7,0.33314363719725
"Guatemala",2006,"Men",-1.11651851297454,-0.745761233070908,0.0908878458863026,"Americas",-1.11055365064218,352.0244894,7.7,0.33314363719725
"Guatemala",2007,"Women",-1.18856469760071,-0.280459673259543,-0.190547709069942,"Americas",0.00680407558754328,380.9632429,6.86,0.371450327054286
"Guatemala",2007,"Men",-1.17430555689345,-0.6975850252756,0.0653027954357346,"Americas",-1.04623621944837,380.9632429,6.86,0.371450327054286
"Guatemala",2008,"Women",-1.20219843739976,-0.206980950767297,-0.241717809971077,"Americas",0.0938217766144627,472.2234994,6.65,0.475616762032666
"Guatemala",2008,"Men",-1.14153454930307,-0.652763141565062,0.0653027954357346,"Americas",-0.978135409949041,472.2234994,6.65,0.475616762032666
"Guatemala",2009,"Men",-1.08850055228659,-0.61532818961027,0.0397177449851666,"Americas",-0.908773474347873,445.4423371,6.79,0.447291593787312
"Guatemala",2009,"Women",-1.13615610149244,-0.136035222760418,-0.267302860421645,"Americas",0.180839477641383,445.4423371,6.79,0.447291593787312
"Guatemala",2010,"Women",-1.0976314055465,-0.0645834540224888,-0.292887910872212,"Americas",0.270379430871981,443.3248254,6.64,0.444979993381995
"Guatemala",2010,"Men",-1.03909388053774,-0.581455115046946,0.0141326945345995,"Americas",-0.836889286543026,443.3248254,6.64,0.444979993381995
"Guatemala",2011,"Women",-1.0747417323059,0.0100208831462215,-0.344058011773348,"Americas",0.359919384102579,457.7745845,6.28,0.460540095290049
"Guatemala",2011,"Men",-1.01720484875028,-0.54811119192836,0.0141326945345995,"Americas",-0.76374397263634,457.7745845,6.28,0.460540095290049
"Guatemala",2012,"Women",-1.04960061579573,0.0887360548483885,-0.369643062223915,"Americas",0.450720463435018,484.7187892,6.33,0.488288283599399
"Guatemala",2012,"Men",-0.998067580958954,-0.511861429272869,-0.0114523559159685,"Americas",-0.688076406525975,484.7187892,6.33,0.488288283599399
"Guatemala",2013,"Men",-0.98656020424783,-0.474215536519121,-0.0370374063665356,"Americas",-0.61240884041561,582.1469583,6.3,0.577171310634464
"Guatemala",2013,"Women",-1.02358393801405,0.17116117011912,-0.395228112674483,"Americas",0.541521542767456,582.1469583,6.3,0.577171310634464
"Guatemala",2014,"Men",-0.962419729190798,-0.43368448769156,-0.0626224568171036,"Americas",-0.534219022101567,657.5282797,6.2,0.636278519678497
"Guatemala",2014,"Women",-1.01245180184786,0.258163493516347,-0.446398213575618,"Americas",0.631061495998054,657.5282797,6.2,0.636278519678497
"Guyana",2000,"Men",1.21947895938359,-1.31916138877901,0.653758955798791,"Americas",-1.65536012663681,16.75480888,5.85,-1.12055450570376
"Guyana",2000,"Women",0.667249957431289,-0.493276083692086,-0.292887910872212,"Americas",-0.0222018247547633,16.75480888,5.85,-1.12055450570376
"Guyana",2001,"Men",0.950806729215176,-1.25634051017344,0.653758955798791,"Americas",-1.60365395646139,15.54978677,5.82,-1.15472661273501
"Guyana",2001,"Women",0.575691264468869,-0.372544814413509,-0.31847296132278,"Americas",0.0723826328831929,15.54978677,5.82,-1.15472661273501
"Guyana",2002,"Women",0.777570677640106,-0.261660063152195,-0.344058011773348,"Americas",0.166967090521149,10.9363388,5.84,-1.31361182978397
"Guyana",2002,"Men",1.15531282620091,-1.20880655699346,0.628173905348223,"Americas",-1.55068666018414,10.9363388,5.84,-1.31361182978397
"Guyana",2003,"Women",0.998337198239383,-0.158878637010926,-0.344058011773348,"Americas",0.261551548159105,16.47949015,5.97,-1.12815303049759
"Guyana",2003,"Men",1.35368999428615,-1.17175377108409,0.602588854897655,"Americas",-1.49771936390688,16.47949015,5.97,-1.12815303049759
"Guyana",2004,"Women",1.10978364008298,-0.0546696152139375,-0.369643062223915,"Americas",0.356136005797062,1.776181042,5.73,-2.02274873532395
"Guyana",2004,"Men",1.4209831320099,-1.13553407377803,0.602588854897655,"Americas",-1.44475206762963,1.776181042,5.73,-2.02274873532395
"Guyana",2005,"Men",1.37883111079632,-1.10238653497854,0.577003804447087,"Americas",-1.39178477135237,17.46405901,5.83,-1.10150996958682
"Guyana",2005,"Women",1.16369319837097,0.0486700330806508,-0.369643062223915,"Americas",0.449459337333178,17.46405901,5.83,-1.10150996958682
"Guyana",2006,"Women",1.10065278682307,0.155609493603804,-0.369643062223915,"Americas",0.544043794971134,170.6325842,4.67,-0.0174990864625081
"Guyana",2006,"Men",1.4456239277935,-1.06688177645419,0.55141875399652,"Americas",-1.33881747507511,170.6325842,4.67,-0.0174990864625081
"Guyana",2007,"Women",1.12429294115353,0.264599519269679,-0.344058011773348,"Americas",0.638628252609091,362.8702271,6.45,0.347856160993727
"Guyana",2007,"Men",1.51016530152111,-1.02691446032734,0.55141875399652,"Americas",-1.28585017879786,362.8702271,6.45,0.347856160993727
"Guyana",2008,"Women",1.25550205169667,0.382394344839805,-0.344058011773348,"Americas",0.735734962450726,493.3279293,7.46,0.496830577151837
"Guyana",2008,"Men",1.69803573434837,-0.976983908196108,0.55141875399652,"Americas",-1.2328828825206,493.3279293,7.46,0.496830577151837
"Guyana",2009,"Men",1.66413900512321,-0.909176737457278,0.55141875399652,"Americas",-1.17991558624335,466.6693698,7.32,0.469876506832303
"Guyana",2009,"Women",1.30791064780494,0.516061539732469,-0.31847296132278,"Americas",0.832841672292361,466.6693698,7.32,0.469876506832303
"Guyana",2010,"Women",1.30816080816823,0.669396918748841,-0.31847296132278,"Americas",0.931209508235835,48.02859441,6.6,-0.626692064818889
"Guyana",2010,"Men",1.66601520784785,-0.818318184553951,0.55141875399652,"Americas",-1.12820941606793,48.02859441,6.6,-0.626692064818889
"Guyana",2012,"Women",1.34606010320595,1.05563078264341,-0.267302860421645,"Americas",1.13425081063198,497.4719464,6.57,0.500889517519542
"Guyana",2012,"Women",1.4259863392756,1.05563078264341,-0.267302860421645,"Americas",1.13425081063198,497.4719464,6.57,0.500889517519542
"Guyana",2012,"Men",1.80460404910791,-0.5502808568202,0.55141875399652,"Americas",-1.02227482351342,497.4719464,6.57,0.500889517519542
"Guyana",2013,"Men",1.86426729575145,-0.382256803811759,0.55141875399652,"Americas",-0.969307527236165,345.9044258,5.1,0.324640809230053
"Guyana",2013,"Women",1.49402995808921,1.28529333661338,-0.241717809971077,"Americas",1.23766315098281,345.9044258,5.1,0.324640809230053
"Guyana",2014,"Men",1.75832438190013,-0.204972330728453,0.55141875399652,"Americas",-0.913817978755231,4.141293345,5.25,-1.72313477317986
"Guyana",2014,"Men",1.76720507479675,-0.204972330728453,0.55141875399652,"Americas",-0.913817978755231,4.141293345,5.25,-1.72313477317986
"Guyana",2014,"Women",1.51479326824189,1.52656416646249,-0.21613275952051,"Americas",1.34107549133365,4.141293345,5.25,-1.72313477317986
"Haiti",2000,"Men",0.456364771181781,-1.58547689876968,0.98636461165617,"Americas",-2.19386097212224,74.46033036,6.6,-0.41703837507396
"Haiti",2000,"Women",1.49678172208534,-1.53749812783479,0.960779561205602,"Americas",-1.66923251375704,74.46033036,6.6,-0.41703837507396
"Haiti",2001,"Men",0.417714995054202,-1.5174791457789,0.98636461165617,"Americas",-2.16989957618729,60.77815868,5.63,-0.514307394081838
"Haiti",2001,"Women",1.50878941952304,-1.46738663898667,0.960779561205602,"Americas",-1.6263542262945,60.77815868,5.63,-0.514307394081838
"Haiti",2002,"Women",1.51004022133946,-1.39492800124177,0.960779561205602,"Americas",-1.58347593883196,50.28558223,5.47,-0.604809887929364
"Haiti",2002,"Men",0.383317945102473,-1.44803790111338,1.01194966210674,"Americas",-2.14719930635418,50.28558223,5.47,-0.604809887929364
"Haiti",2003,"Women",1.52805176749601,-1.31925565955195,0.960779561205602,"Americas",-1.54185877747126,44.25687135,5.32,-0.665612455594624
"Haiti",2003,"Men",0.367432762033857,-1.37581696918653,1.03753471255731,"Americas",-2.12449903652107,44.25687135,5.32,-0.665612455594624
"Haiti",2004,"Women",1.50966498079454,-1.24155397858283,0.935194510755034,"Americas",-1.50024161611056,64.39853344,5.61,-0.486617985209568
"Haiti",2004,"Men",0.333786193171984,-1.30253557209588,1.03753471255731,"Americas",-2.1030598927898,64.39853344,5.61,-0.486617985209568
"Haiti",2005,"Men",0.329408386814491,-1.22510093052366,1.03753471255731,"Americas",-2.08162074905853,38.10904264,4.41,-0.736598923798032
"Haiti",2005,"Women",1.5579459309086,-1.15895805228902,0.935194510755034,"Americas",-1.4598855808517,38.10904264,4.41,-0.736598923798032
"Haiti",2006,"Women",1.58971629704583,-1.07153114474922,0.909609460304467,"Americas",-1.42079067169468,6.995556386,5.7,-1.50843530592031
"Haiti",2006,"Men",0.375062653114058,-1.14418947484419,1.06311976300787,"Americas",-2.0614427314291,6.995556386,5.7,-1.50843530592031
"Haiti",2007,"Women",1.63299403989419,-0.979537730459128,0.858439359403332,"Americas",-1.38169576253765,56.77858733,5.56,-0.54684995863508
"Haiti",2007,"Men",0.441730389929591,-1.06133162229713,1.03753471255731,"Americas",-2.04252583990151,56.77858733,5.56,-0.54684995863508
"Haiti",2008,"Women",1.63549564352704,-0.884360307142274,0.832854308952764,"Americas",-1.34260085338063,63.83195683,5.92,-0.490848556618602
"Haiti",2008,"Men",0.471499473160541,-0.977337811758358,1.03753471255731,"Americas",-2.02487007447576,63.83195683,5.92,-0.490848556618602
"Haiti",2009,"Men",0.503770160024345,-0.894254840176862,1.01194966210674,"Americas",-2.00721430905,41.30079452,6.68,-0.698455012101455
"Haiti",2009,"Women",1.65025510496088,-0.787304455802807,0.781684208051629,"Americas",-1.30350594422361,41.30079452,6.68,-0.698455012101455
"Haiti",2010,"Women",1.5077887780699,-0.693373360209883,0.730514107150494,"Americas",-1.26441103506659,36.2929176,8.9,-0.75971815496501
"Haiti",2010,"Men",0.454113327912213,-0.818491852242578,0.960779561205602,"Americas",-1.99208079582793,36.2929176,8.9,-0.75971815496501
"Haiti",2012,"Women",1.70491514433871,-0.493698296522457,0.602588854897655,"Americas",-1.18622121675254,26.37942542,9.88,-0.90996145279726
"Haiti",2012,"Women",1.70391450288557,-0.493698296522457,0.602588854897655,"Americas",-1.18622121675254,26.37942542,9.88,-0.90996145279726
"Haiti",2012,"Men",0.585572598818638,-0.660249058675683,0.884024409853899,"Americas",-1.96433602158746,26.37942542,9.88,-0.90996145279726
"Haiti",2013,"Men",0.601833022432183,-0.577555368263403,0.832854308952764,"Americas",-1.95172476056907,4.989712322,8.1,-1.64887229191689
"Haiti",2013,"Women",1.70116273888943,-0.387938290388366,0.525833703545952,"Americas",-1.14586518149368,4.989712322,8.1,-1.64887229191689
"Haiti",2014,"Men",0.55117554886691,-0.490781471351944,0.807269258502196,"Americas",-1.93911349955068,5.103249438,7.56,-1.63974234476028
"Haiti",2014,"Men",0.62434745512786,-0.490781471351944,0.807269258502196,"Americas",-1.93911349955068,5.103249438,7.56,-1.63974234476028
"Haiti",2014,"Women",1.72092540758897,-0.277718194827704,0.449078552194249,"Americas",-1.10677027233666,5.103249438,7.56,-1.63974234476028
"Honduras",2000,"Men",-1.07611761430397,-1.53568826093792,0.269983199040276,"Americas",-1.16478207302127,28.80831098,6.63,-0.868636171987194
"Honduras",2000,"Women",-0.591431910438698,-1.2893948029142,0.0397177449851666,"Americas",-0.381622763778997,28.80831098,6.63,-0.868636171987194
"Honduras",2001,"Men",-1.06748708177062,-1.47018160609629,0.269983199040276,"Americas",-1.10298689403114,15.36175284,6.88,-1.1602823675758
"Honduras",2001,"Women",-0.580925175180716,-1.21254487401681,0.0141326945345995,"Americas",-0.278210423428165,15.36175284,6.88,-1.1602823675758
"Honduras",2002,"Women",-0.565915553383598,-1.13349022536771,-0.0114523559159685,"Americas",-0.174798083077333,154.8636161,7.28,-0.0643570378854795
"Honduras",2002,"Men",-1.03509131472518,-1.40437816359495,0.269983199040276,"Americas",-1.03993058893917,154.8636161,7.28,-0.0643570378854795
"Honduras",2003,"Women",-0.545777644139131,-1.05155400211952,-0.0626224568171036,"Americas",-0.0713857427265007,194.4335736,8.29,0.0456418103647583
"Honduras",2003,"Men",-1.02508490019377,-1.33775149170556,0.244398148589708,"Americas",-0.978135409949041,194.4335736,8.29,0.0456418103647583
"Honduras",2004,"Women",-0.492118246214434,-0.966103768086665,-0.0882075072676716,"Americas",0.0320265976243315,188.2499208,7.89,0.030009280072821
"Honduras",2004,"Men",-1.04134532380731,-1.27047679405551,0.244398148589708,"Americas",-0.91507910485707,188.2499208,7.89,0.030009280072821
"Honduras",2005,"Men",-1.02133249474449,-1.20290134053969,0.244398148589708,"Americas",-0.852022799765099,203.7134882,7.81,0.0681973150440996
"Honduras",2005,"Women",-0.472980978423109,-0.876971048905543,-0.113792557718239,"Americas",0.134177811873324,203.7134882,7.81,0.0681973150440996
"Honduras",2006,"Women",-0.436082324838527,-0.782685610244688,-0.164962658619374,"Americas",0.237590152224156,192.9297829,7.63,0.0418861630576697
"Honduras",2006,"Men",-0.990437689878752,-1.13383447540212,0.218813098139141,"Americas",-0.788966494673128,192.9297829,7.63,0.0418861630576697
"Honduras",2007,"Women",-0.407814203787288,-0.684723019065404,-0.190547709069942,"Americas",0.342263618676828,222.4823338,7.89,0.110847785446153
"Honduras",2007,"Men",-0.978930313167628,-1.06414598212414,0.218813098139141,"Americas",-0.725910189581158,222.4823338,7.89,0.110847785446153
"Honduras",2008,"Women",-0.37579367728677,-0.584719691991789,-0.241717809971077,"Americas",0.448198211231339,231.9112915,8.4,0.130940390238123
"Honduras",2008,"Men",-0.980806515892268,-0.996849453197596,0.193228047688573,"Americas",-0.661592758387347,231.9112915,8.4,0.130940390238123
"Honduras",2009,"Men",-0.968673738272931,-0.932975221059638,0.193228047688573,"Americas",-0.598536453295377,286.1211446,8.84,0.232677334048167
"Honduras",2009,"Women",-0.335517858797837,-0.484249340660388,-0.267302860421645,"Americas",0.555393929887689,286.1211446,8.84,0.232677334048167
"Honduras",2010,"Women",-0.267098999439307,-0.379874598659325,-0.31847296132278,"Americas",0.66258964854404,302.1057507,8.45,0.259018771915009
"Honduras",2010,"Men",-0.934276688321202,-0.867746449758073,0.167642997238005,"Americas",-0.534219022101567,302.1057507,8.45,0.259018771915009
"Honduras",2011,"Women",-0.147772506152219,-0.272118787584842,-0.344058011773348,"Americas",0.772307619404069,32.16407994,8.57,-0.816767658707261
"Honduras",2011,"Men",-0.83696430700322,-0.800840138230725,0.142057946787438,"Americas",-0.469901590907756,32.16407994,8.57,-0.816767658707261
"Honduras",2012,"Women",-0.0734748782564846,-0.1556486764081,-0.395228112674483,"Americas",0.882025590264098,363.5721644,9.78,0.348793191149505
"Honduras",2012,"Men",-0.303372252115675,-0.727336630912582,0.142057946787438,"Americas",-0.406845285815785,363.5721644,9.78,0.348793191149505
"Honduras",2013,"Men",-0.261470391265388,-0.6504310271233,0.11647289633687,"Americas",-0.342527854621975,311.7553193,9.15,0.274256176990413
"Honduras",2013,"Women",-0.0281958525018452,-0.0327483345060562,-0.42081316312505,"Americas",0.991743561124127,311.7553193,9.15,0.274256176990413
"Honduras",2014,"Men",-0.218067568235388,-0.568954294748778,0.0908878458863026,"Americas",-0.278210423428165,345.3776344,8.72,0.32390192036537
"Honduras",2014,"Women",0.00545071636002762,0.0969933444992322,-0.471983264026186,"Americas",1.10020040588232,345.3776344,8.72,0.32390192036537
"Jamaica",2000,"Men",-0.206685271705907,-0.95007942049809,1.13987491435958,"Americas",-1.70832742291406,24.82762854,5.81,-0.938330135469002
"Jamaica",2000,"Women",-0.165158651400547,0.432400616771019,-0.0626224568171036,"Americas",0.696640053293704,24.82762854,5.81,-0.938330135469002
"Jamaica",2001,"Men",-0.247961731647982,-0.854123946075771,1.08870481345844,"Americas",-1.64653224392393,160.2382416,5.34,-0.0478738450832841
"Jamaica",2001,"Women",-0.100742357854582,0.590743223641012,-0.139377608168807,"Americas",0.83536392449604,160.2382416,5.34,-0.0478738450832841
"Jamaica",2002,"Women",-0.140017534890375,0.756721881962198,-0.190547709069942,"Americas",0.972826669596536,211.1143318,4.86,0.0854644584585014
"Jamaica",2002,"Men",-0.287361988865416,-0.756031001170068,1.06311976300787,"Americas",-1.58347593883196,211.1143318,4.86,0.0854644584585014
"Jamaica",2003,"Women",-0.223571096227665,0.931581823396307,-0.241717809971077,"Americas",1.10902828859519,155.5884677,4.56,-0.0621011538048013
"Jamaica",2003,"Men",-0.285360705959134,-0.654628240611774,1.01194966210674,"Americas",-1.51915850763815,155.5884677,4.56,-0.0621011538048013
"Jamaica",2004,"Women",-0.279356857240287,1.10841989617737,-0.292887910872212,"Americas",1.24396878149201,192.3226305,4.8,0.0403615688590884
"Jamaica",2004,"Men",-0.376544158376626,-0.553573956756704,0.98636461165617,"Americas",-1.45484107644434,192.3226305,4.8,0.0403615688590884
"Jamaica",2005,"Men",-0.585302981538209,-0.447800988301357,0.935194510755034,"Americas",-1.38926251914869,16.97511622,4.7,-1.11455862906731
"Jamaica",2005,"Women",-0.403811637974723,1.29192549410464,-0.344058011773348,"Americas",1.37638702218515,16.97511622,4.7,-1.11455862906731
"Jamaica",2006,"Women",-0.451717347543858,1.48461939746791,-0.395228112674483,"Americas",1.50880526287829,194.092569,4.22,0.0447927070035387
"Jamaica",2006,"Men",-0.543776361232849,-0.336635053563566,0.909609460304467,"Americas",-1.32368396185304,194.092569,4.22,0.0447927070035387
"Jamaica",2007,"Women",-0.349776999505099,1.6835426979146,-0.446398213575618,"Americas",1.63870125136775,25.62349238,4.87,-0.923574169120611
"Jamaica",2007,"Men",-0.294741719582332,-0.22132423133093,0.858439359403332,"Americas",-1.25810540455739,25.62349238,4.87,-0.923574169120611
"Jamaica",2008,"Women",-0.351528122048096,1.88803714233109,-0.471983264026186,"Americas",1.76733611375537,31.76575838,5.4,-0.822642652492086
"Jamaica",2008,"Men",0.131906780000747,-0.102713277466767,0.832854308952764,"Americas",-1.19378797336358,31.76575838,5.4,-0.822642652492086
"Jamaica",2009,"Men",0.455739370273568,0.0165294547612279,0.781684208051629,"Americas",-1.13073166827161,235.7067417,5.16,0.138799589719569
"Jamaica",2009,"Women",-0.311752624285733,2.09731228713353,-0.523153364927321,"Americas",1.89597097614299,235.7067417,5.16,0.138799589719569
"Jamaica",2010,"Women",-0.322134279362073,2.31206421985636,-0.574323465828457,"Americas",2.02208358632693,396.6270975,5.3,0.390991065437135
"Jamaica",2010,"Men",-0.062592902453574,0.138753074177248,0.756099157601061,"Americas",-1.06767536317964,396.6270975,5.3,0.390991065437135
"Jamaica",2011,"Women",-0.274728890519509,2.53565830276557,-0.599908516279024,"Americas",2.14693507040903,33.17529686,5.21,-0.802164116614319
"Jamaica",2011,"Men",0.277875351977719,0.266141813783149,0.730514107150494,"Americas",-1.00588018418951,33.17529686,5.21,-0.802164116614319
"Jamaica",2012,"Women",-0.217567247508818,2.76109156057124,-0.65107861718016,"Americas",2.27052542838929,37.17108782,5.66,-0.748401742151979
"Jamaica",2012,"Men",-0.126884115817896,0.396293910851862,0.679344006249358,"Americas",-0.944085005199377,37.17108782,5.66,-0.748401742151979
"Jamaica",2013,"Men",-0.122506309460404,0.531011295074636,0.653758955798791,"Americas",-0.884812078412924,5.457289334,5.91,-1.61232601508942
"Jamaica",2013,"Women",-0.160405604498127,2.99378792161415,-0.702248718081295,"Americas",2.39285466026772,5.457289334,5.91,-1.61232601508942
"Jamaica",2014,"Men",0.0843763109765398,0.672715900991122,0.602588854897655,"Americas",-0.823016899422793,427.3054534,5.36,0.427126865111133
"Jamaica",2014,"Women",0.0607361566460788,3.23397694057621,-0.727833768531863,"Americas",2.51518389214614,427.3054534,5.36,0.427126865111133
"Mexico",2000,"Men",-0.918641665615871,-0.182432746126401,0.679344006249358,"Americas",-0.447201321074647,10.22840118,4.98,-1.34333897106504
"Mexico",2000,"Women",-0.929523641418782,0.0364205380648906,0.167642997238005,"Americas",0.612144604470463,10.22840118,4.98,-1.34333897106504
"Mexico",2001,"Men",-0.905133005998465,-0.099311342653763,0.628173905348223,"Americas",-0.369011502760603,13.31109532,5.35,-1.22539086394443
"Mexico",2001,"Women",-0.933401127049704,0.136042141368162,0.0397177449851666,"Americas",0.700423431599222,13.31109532,5.35,-1.22539086394443
"Mexico",2002,"Women",-0.895501832011981,0.23617736508769,-0.0626224568171036,"Americas",0.784918880422463,12.1859723,5.52,-1.26520217731296
"Mexico",2002,"Men",-0.859478739698897,-0.0150248875663056,0.55141875399652,"Americas",-0.28956055834472,12.1859723,5.52,-1.26520217731296
"Mexico",2003,"Women",-0.872111838044805,0.335396666153114,-0.164962658619374,"Americas",0.866892077042025,781.2062828,6.2,0.719959937219405
"Mexico",2003,"Men",-0.825456930292097,0.0687787802876096,0.500248653095384,"Americas",-0.211370740030676,781.2062828,6.2,0.719959937219405
"Mexico",2004,"Women",-0.900004718551116,0.436583976988357,-0.267302860421645,"Americas",0.946343021457908,920.8284115,6.11,0.799814708456909
"Mexico",2004,"Men",-0.838590349364575,0.152008921699322,0.449078552194249,"Americas",-0.133180921716632,920.8284115,6.11,0.799814708456909
"Mexico",2005,"Men",-0.799815493055353,0.233439431224643,0.397908451293114,"Americas",-0.0549911034025884,998.3498049,6.4,0.839073788010968
"Mexico",2005,"Women",-0.873612800224517,0.539512624213919,-0.369643062223915,"Americas",1.02453283977195,998.3498049,6.4,0.839073788010968
"Mexico",2006,"Women",-0.902131081639041,0.64416636630999,-0.471983264026186,"Americas",1.102722658086,980.2537444,5.83,0.830188962652911
"Mexico",2006,"Men",-0.803192657959705,0.311822301152784,0.346738350391979,"Americas",0.0219375888096159,980.2537444,5.83,0.830188962652911
"Mexico",2007,"Women",-0.86335622532982,0.748498085538714,-0.574323465828457,"Americas",1.18217360250188,105.7476131,5.92,-0.24839285926509
"Mexico",2007,"Men",-0.769671169279475,0.387336956417768,0.321153299941411,"Americas",0.0988662810218207,105.7476131,5.92,-0.24839285926509
"Mexico",2008,"Women",-0.798439611057284,0.85503998229958,-0.676663667630727,"Americas",1.26414679912144,159.8772264,6.6,-0.048963689273091
"Mexico",2008,"Men",-0.674360070867775,0.460308499163807,0.269983199040276,"Americas",0.177056099335864,159.8772264,6.6,-0.048963689273091
"Mexico",2009,"Men",-0.664728896881291,0.531473641534507,0.218813098139141,"Americas",0.256507043751748,881.7364327,6.6,0.778746217266496
"Mexico",2009,"Women",-0.772923254002184,0.961813501350865,-0.75341881898243,"Americas",1.34864224794468,881.7364327,6.6,0.778746217266496
"Mexico",2010,"Women",-0.694497980112242,1.07542529138485,-0.855759020784701,"Americas",1.4356599489716,1033.039737,6.39,0.855664893593075
"Mexico",2010,"Men",-0.578923892274434,0.609166905791122,0.193228047688573,"Americas",0.335957988167631,1033.039737,6.39,0.855664893593075
"Mexico",2011,"Women",-0.733397916603106,1.19811442202336,-0.932514172136403,"Americas",1.52646102830404,1117.196097,6.4,0.893707380002279
"Mexico",2011,"Men",-0.597060518612618,0.695817404560395,0.142057946787438,"Americas",0.416670058685354,1117.196097,6.4,0.893707380002279
"Mexico",2012,"Women",-0.714886049719994,1.32176957773306,-1.03485437393867,"Americas",1.61726210763648,112.696486,6.21,-0.217730178528815
"Mexico",2012,"Men",-0.57592196791501,0.784974135258347,0.11647289633687,"Americas",0.498643255304915,112.696486,6.21,-0.217730178528815
"Mexico",2013,"Men",-0.544276681959419,0.877707732187308,0.0908878458863026,"Americas",0.579355325822638,150.408875,6.3,-0.0784557532039182
"Mexico",2013,"Women",-0.701752630647516,1.44996954650574,-1.11160952529038,"Americas",1.70806318696892,150.408875,6.3,-0.0784557532039182
"Mexico",2014,"Men",-0.451467187180573,0.975604159780424,0.0397177449851666,"Americas",0.6613285224422,168.173753,6.3,-0.02451491413348
"Mexico",2014,"Women",-0.62783024329671,1.58319041395286,-1.18836467664208,"Americas",1.79634201409767,168.173753,6.3,-0.02451491413348
"Nicaragua",2000,"Men",-0.935402409955986,-1.20137490202872,0.372323400842546,"Americas",-0.665376136692866,15.25518816,5.39,-1.16345940204207
"Nicaragua",2000,"Women",-0.759664754748063,-0.709061839617081,0.167642997238005,"Americas",0.342263618676828,15.25518816,5.39,-1.16345940204207
"Nicaragua",2001,"Men",-0.901505680730828,-1.13753869488056,0.321153299941411,"Americas",-0.589708570582501,22.35595448,5.26,-0.987238975141481
"Nicaragua",2001,"Women",-0.695248461202098,-0.632658026060766,0.11647289633687,"Americas",0.439370328518463,22.35595448,5.26,-0.987238975141481
"Nicaragua",2002,"Women",-0.643215105638756,-0.553654412289084,0.0653027954357346,"Americas",0.533954786156419,2.092343893,5.71,-1.97030991537469
"Nicaragua",2002,"Men",-0.783054748715238,-1.07183568268403,0.295568249490843,"Americas",-0.514041004472136,2.092343893,5.71,-1.97030991537469
"Nicaragua",2003,"Women",-0.640463341642617,-0.470808547439595,0.0141326945345995,"Americas",0.626016991590697,2.542436908,6.12,-1.90424154948995
"Nicaragua",2003,"Men",-0.704129154098726,-1.00345866275499,0.244398148589708,"Americas",-0.438373438361771,2.542436908,6.12,-1.90424154948995
"Nicaragua",2004,"Women",-0.626329281116998,-0.383455853111747,-0.0370374063665356,"Americas",0.716818070923135,36.81621175,6.13,-0.752943136190586
"Nicaragua",2004,"Men",-0.690120173754749,-0.933250161183079,0.218813098139141,"Americas",-0.363966998353245,36.81621175,6.13,-0.752943136190586
"Nicaragua",2005,"Men",-0.684116325035902,-0.86272986206322,0.167642997238005,"Americas",-0.290821684446559,218.5716179,6.11,0.10226434781694
"Nicaragua",2005,"Women",-0.536771871060861,-0.294134269032183,-0.0882075072676716,"Americas",0.805096898051894,218.5716179,6.11,0.10226434781694
"Nicaragua",2006,"Women",-0.644465907455182,-0.202786188562225,-0.139377608168807,"Americas",0.893375725180653,21.41123529,6.33,-1.00731420415949
"Nicaragua",2006,"Men",-0.770921971095901,-0.792695295698918,0.142057946787438,"Americas",-0.217676370539873,21.41123529,6.33,-1.00731420415949
"Nicaragua",2007,"Women",-0.525514654713022,-0.109328794927351,-0.190547709069942,"Americas",0.981654552309412,253.0007812,6.91,0.173084574413422
"Nicaragua",2007,"Men",-0.64058842182426,-0.721781185660513,0.11647289633687,"Americas",-0.145792182735026,253.0007812,6.91,0.173084574413422
"Nicaragua",2008,"Women",-0.537147111605789,-0.0152188008802805,-0.241717809971077,"Americas",1.06993337943817,275.064434,6.98,0.213584053783871
"Nicaragua",2008,"Men",-0.625328639663857,-0.652373055863985,0.0653027954357346,"Americas",-0.075169121032019,275.064434,6.98,0.213584053783871
"Nicaragua",2009,"Men",-0.614446663860946,-0.585931482950915,0.0397177449851666,"Americas",-0.00454605932901145,292.753101,6.82,0.243780037403705
"Nicaragua",2009,"Women",-0.475482582055962,0.0780877353827561,-0.292887910872212,"Americas",1.15821220656693,292.753101,6.82,0.243780037403705
"Nicaragua",2010,"Women",-0.549154809043483,0.174623310044594,-0.344058011773348,"Americas",1.24901328589937,302.7045411,6.58,0.259978332401278
"Nicaragua",2010,"Men",-0.66185205270351,-0.518515627966202,-0.0114523559159685,"Americas",0.0648158762721561,302.7045411,6.58,0.259978332401278
"Nicaragua",2011,"Women",-0.441836013194089,0.27439448600778,-0.395228112674483,"Americas",1.33981436523181,321.6132593,6.39,0.289344661212544
"Nicaragua",2011,"Men",-0.567166355200024,-0.447651844967037,-0.0370374063665356,"Americas",0.134177811873324,321.6132593,6.39,0.289344661212544
"Nicaragua",2012,"Women",-0.397807789255876,0.379606997625222,-0.446398213575618,"Americas",1.43187657066608,334.8174246,8.4,0.308848021524828
"Nicaragua",2012,"Men",-0.50750310855648,-0.374266105228162,-0.0626224568171036,"Americas",0.202278621372652,334.8174246,8.4,0.308848021524828
"Nicaragua",2013,"Men",-0.43007847611968,-0.296871266214299,-0.113792557718239,"Americas",0.270379430871981,366.4841804,8.43,0.352661328283946
"Nicaragua",2013,"Women",-0.379295922372764,0.490609485196794,-0.497568314476753,"Americas",1.52141652389668,366.4841804,8.43,0.352661328283946
"Nicaragua",2014,"Men",-0.393555063080026,-0.213573460926649,-0.139377608168807,"Americas",0.33721911426947,473.1238124,9.4,0.476540895607055
"Nicaragua",2014,"Women",-0.288862951045128,0.608278542203847,-0.548738415377888,"Americas",1.61095647712728,473.1238124,9.4,0.476540895607055
"Panama",2000,"Men",-0.71938893625913,-0.969842932158637,0.628173905348223,"Americas",-0.940301626893858,9.87102142,7.76,-1.35906565694897
"Panama",2000,"Women",-0.909760972719243,-0.54094350861151,-0.369643062223915,"Americas",0.0471601108464046,9.87102142,7.76,-1.35906565694897
"Panama",2001,"Men",-0.597685919520831,-0.896051004775651,0.577003804447087,"Americas",-0.868417439089012,7.320514461,7.72,-1.48906575695975
"Panama",2001,"Women",-0.86948515423031,-0.455561122103216,-0.42081316312505,"Americas",0.153094703400916,7.320514461,7.72,-1.48906575695975
"Panama",2002,"Women",-0.905133005998465,-0.370105246375589,-0.497568314476753,"Americas",0.260290422057266,78.80940216,8.3,-0.389794196998628
"Panama",2002,"Men",-0.653471680533453,-0.82253387606052,0.525833703545952,"Americas",-0.796533251284165,78.80940216,8.3,-0.389794196998628
"Panama",2003,"Women",-0.879241408398436,-0.283843195686129,-0.574323465828457,"Americas",0.367486140713616,58.45976019,7.6,-0.532904821916546
"Panama",2003,"Men",-0.539523635056999,-0.747676540612608,0.474663602644817,"Americas",-0.722126811275639,58.45976019,7.6,-0.532904821916546
"Panama",2004,"Women",-0.859103499153969,-0.194873654253151,-0.625493566729592,"Americas",0.477204111573646,527.60848,8.9,0.529430166870114
"Panama",2004,"Men",-0.530267701615443,-0.670811525668588,0.423493501743681,"Americas",-0.645198119063435,527.60848,8.9,0.529430166870114
"Panama",2005,"Men",-0.562538388479246,-0.589466724516087,0.372323400842546,"Americas",-0.567008300749391,623.9100503,7.48,0.610801447915646
"Panama",2005,"Women",-0.722390860618553,-0.101341162753459,-0.702248718081295,"Americas",0.589444334637353,623.9100503,7.48,0.610801447915646
"Panama",2006,"Women",-0.832086179919157,-0.00456689565477967,-0.779003869432998,"Americas",0.702945683802901,631.1251711,7,0.616382952085019
"Panama",2006,"Men",-0.553657695582618,-0.504597863822172,0.321153299941411,"Americas",-0.488818482435347,631.1251711,7,0.616382952085019
"Panama",2007,"Women",-0.850973287347197,0.0955990401524376,-0.830173970334133,"Americas",0.820230411273967,76.2508038,6.31,-0.405636732934979
"Panama",2007,"Men",-0.514132358183541,-0.414194636217111,0.269983199040276,"Americas",-0.406845285815785,76.2508038,6.31,-0.405636732934979
"Panama",2008,"Women",-0.859103499153969,0.199197355840922,-0.906929121685836,"Americas",0.941298517050551,956.8229765,6.75,0.81843828286012
"Panama",2008,"Men",-0.606941852962387,-0.320390186665629,0.218813098139141,"Americas",-0.324872089196224,956.8229765,6.75,0.81843828286012
"Panama",2009,"Men",-0.425700669762187,-0.224210500774467,0.193228047688573,"Americas",-0.239115514271143,1092.155356,7.56,0.882695580562003
"Panama",2009,"Women",-0.74678149603887,0.304128485868739,-0.958099222586971,"Americas",1.06615000113265,1092.155356,7.56,0.882695580562003
"Panama",2010,"Women",-0.7717975323674,0.41102668575748,-1.00926932348811,"Americas",1.19604598962211,1199.319976,8.5,0.928165485300025
"Panama",2010,"Men",-0.433705801387317,-0.124604668500511,0.167642997238005,"Americas",-0.152097813244223,1199.319976,8.5,0.928165485300025
"Panama",2011,"Women",-0.789683998342299,0.522699842927288,-1.06043942438924,"Americas",1.32846423031525,119.2124275,7.5,-0.19063493218279
"Panama",2011,"Men",-0.449966225000861,-0.0181124292398918,0.142057946787438,"Americas",-0.0638189861154643,119.2124275,7.5,-0.19063493218279
"Panama",2012,"Women",-0.848096443169416,0.641542129913249,-1.11160952529038,"Americas",1.46340472321207,201.7490628,7.25,0.0635091647082376
"Panama",2012,"Men",-0.492618566941005,0.0957616687496037,0.11647289633687,"Americas",0.026982093216974,201.7490628,7.25,0.0635091647082376
"Panama",2013,"Men",-0.413692972324493,0.215404771669177,0.0653027954357346,"Americas",0.120305424753091,1694.467075,8.9,1.09608650346443
"Panama",2013,"Women",-0.749032939308438,0.764178920828121,-1.16277962619151,"Americas",1.60086746831257,1694.467075,8.9,1.09608650346443
"Panama",2014,"Men",-0.382172766550545,0.339127429341364,0.0397177449851666,"Americas",0.214889882391047,1842.463782,8.3,1.1367761265536
"Panama",2014,"Women",-0.773798815273682,0.88871898631993,-1.21394972709265,"Americas",1.73833021341306,1842.463782,8.3,1.1367761265536
"Paraguay",2000,"Men",-0.853850131524978,-1.39656313172331,2.26561713418455,"Americas",-0.758699468228982,273.5758769,8.1,0.210955306247666
"Paraguay",2000,"Women",-0.904757765453537,-1.34603090915636,0.679344006249358,"Americas",-0.101652769170646,273.5758769,8.1,0.210955306247666
"Paraguay",2001,"Men",-0.945158664124113,-1.32756039209433,2.26561713418455,"Americas",-0.688076406525975,233.8488603,7.61,0.134968364795072
"Paraguay",2001,"Women",-0.927522358512499,-1.28549718299892,0.628173905348223,"Americas",-0.0285074552639605,233.8488603,7.61,0.134968364795072
"Paraguay",2002,"Women",-0.953664116475813,-1.22473380087193,0.577003804447087,"Americas",0.045898984744565,152.8293973,6.77,-0.0707444189393736
"Paraguay",2002,"Men",-0.947535187575323,-1.26047541874065,2.21444703328342,"Americas",-0.617453344822968,152.8293973,6.77,-0.0707444189393736
"Paraguay",2003,"Women",-0.933651287412989,-1.16378483214078,0.525833703545952,"Americas",0.12156655085493,155.4233076,5.99,-0.0626142453113973
"Paraguay",2003,"Men",-0.919642307069012,-1.19583228888885,2.18886198283285,"Americas",-0.545569157018121,155.4233076,5.99,-0.0626142453113973
"Paraguay",2004,"Women",-0.840466552089215,-1.10174521800587,0.449078552194249,"Americas",0.197234116965295,20.60083027,5.78,-1.02522149077121
"Paraguay",2004,"Men",-0.690245253936392,-1.13252735725184,2.13769188193171,"Americas",-0.474946095315114,20.60083027,5.78,-1.02522149077121
"Paraguay",2005,"Men",-0.735399199509389,-1.0727990784169,2.08652178103058,"Americas",-0.403061907510267,20.68037294,6.7,-1.02343437926042
"Paraguay",2005,"Women",-0.812073350856333,-1.03925694394747,0.372323400842546,"Americas",0.274162809177499,20.68037294,6.7,-1.02343437926042
"Paraguay",2006,"Women",-0.687868730485182,-0.975223421413037,0.321153299941411,"Americas",0.353613753593383,26.18072382,6.43,-0.913502877877363
"Paraguay",2006,"Men",-0.603814848421321,-1.01494869369554,2.00976662967888,"Americas",-0.33117771970542,26.18072382,6.43,-0.913502877877363
"Paraguay",2007,"Women",-0.78267950817031,-0.908702410743299,0.244398148589708,"Americas",0.434325824111105,318.6201852,6.41,0.284812785203004
"Paraguay",2007,"Men",-0.59856148079233,-0.9581440558468,1.95859652877774,"Americas",-0.258032405798734,318.6201852,6.41,0.284812785203004
"Paraguay",2008,"Women",-0.729145190427256,-0.835786818696404,0.167642997238005,"Americas",0.517560146832507,34.73924576,7.6,-0.780408178395411
"Paraguay",2008,"Men",-0.622326715304433,-0.896429683596518,1.88184137742604,"Americas",-0.183625965790209,34.73924576,7.6,-0.780408178395411
"Paraguay",2009,"Men",-0.442961734828873,-0.833703344102655,1.80508622607433,"Americas",-0.107958399679844,30.93519548,9.14,-0.835126142719682
"Paraguay",2009,"Women",-0.640088101097689,-0.758474056867501,0.11647289633687,"Americas",0.604577847859426,30.93519548,9.14,-0.835126142719682
"Paraguay",2010,"Women",-0.681614721403049,-0.671790627470699,0.0397177449851666,"Americas",0.695378927191864,359.9760397,9.1,0.34397346512278
"Paraguay",2010,"Men",-0.413317731779565,-0.762028120582218,1.7539161251732,"Americas",-0.0297685813658001,359.9760397,9.1,0.34397346512278
"Paraguay",2011,"Women",-0.682740443037833,-0.57809153186974,-0.0114523559159685,"Americas",0.788702258727981,472.1932825,9.42,0.475585715164409
"Paraguay",2011,"Men",-0.47635814332746,-0.683944840392981,1.6771609738215,"Americas",0.0522046152537622,472.1932825,9.42,0.475585715164409
"Paraguay",2012,"Women",-0.712509526268784,-0.483215853308126,-0.0626224568171036,"Americas",0.884547842467777,441.8446244,1.33,0.443357567589168
"Paraguay",2012,"Men",-0.500123377839564,-0.609110285719372,1.62599087292036,"Americas",0.136700064077003,441.8446244,1.33,0.443357567589168
"Paraguay",2013,"Men",-0.495495411118786,-0.525336893744538,1.54923572156866,"Americas",0.224978891205762,573.4346982,1.49,0.569852547013243
"Paraguay",2013,"Women",-0.678112476317055,-0.378693391603408,-0.139377608168807,"Americas",0.984176804513091,573.4346982,1.49,0.569852547013243
"Paraguay",2014,"Men",-0.549154809043483,-0.437319048351777,1.49806562066752,"Americas",0.3157799705382,561.7684701,9.81,0.559876512053279
"Paraguay",2014,"Women",-0.781428706353884,-0.268960466058927,-0.190547709069942,"Americas",1.0838057665584,561.7684701,9.81,0.559876512053279
"Peru",2000,"Men",-1.46711826211889,-1.35493172401823,-0.241717809971077,"Americas",-1.59860945205403,297.5112337,4.83,0.25159236842374
"Peru",2000,"Women",-1.35241973555258,-0.887793066697514,-1.08602447483981,"Americas",-0.597275327193537,297.5112337,4.83,0.25159236842374
"Peru",2001,"Men",-1.48087708209958,-1.33130500766097,-0.344058011773348,"Americas",-1.5494255340823,302.5359058,4.98,0.259708286162077
"Peru",2001,"Women",-1.39081935131687,-0.860893299563981,-1.21394972709265,"Americas",-0.544308030916282,302.5359058,4.98,0.259708286162077
"Peru",2002,"Women",-1.38869298822895,-0.832637759963715,-1.34187497934549,"Americas",-0.491340734639026,40.53777863,4.94,-0.707305190373375
"Peru",2002,"Men",-1.47825039828509,-1.30541555389669,-0.471983264026186,"Americas",-1.49771936390688,40.53777863,4.94,-0.707305190373375
"Peru",2003,"Women",-1.36492775371685,-0.801137607912509,-1.46980023159832,"Americas",-0.437112312259931,34.70333523,4.6,-0.780896960210245
"Peru",2003,"Men",-1.46649286121068,-1.27495449484991,-0.574323465828457,"Americas",-1.44475206762963,34.70333523,4.6,-0.780896960210245
"Peru",2004,"Women",-1.40895597765506,-0.765419752875875,-1.59772548385116,"Americas",-0.380361637677158,356.9393805,4.56,0.339866025746395
"Peru",2004,"Men",-1.47925103973823,-1.23908209202587,-0.676663667630727,"Americas",-1.38800139304685,356.9393805,4.56,0.339866025746395
"Peru",2005,"Men",-1.49538638317013,-1.1975208511176,-0.75341881898243,"Americas",-1.32998959236224,411.5645653,4.72,0.408921414821129
"Peru",2005,"Women",-1.42183923636425,-0.723353185332386,-1.725650736104,"Americas",-0.322349836992544,411.5645653,4.72,0.408921414821129
"Peru",2006,"Women",-1.43859998070437,-0.673922606511077,-1.85357598835684,"Americas",-0.259293531900573,448.7670462,4.47,0.450899011901348
"Peru",2006,"Men",-1.48763141190829,-1.14977361517458,-0.855759020784701,"Americas",-1.26819441337211,448.7670462,4.47,0.450899011901348
"Peru",2007,"Women",-1.4677436630271,-0.616889146682264,-1.98150124060968,"Americas",-0.192453848503085,516.4037021,4.6,0.519013387981202
"Peru",2007,"Men",-1.48137740282615,-1.09503682392445,-0.958099222586971,"Americas",-1.20261585607646,516.4037021,4.6,0.519013387981202
"Peru",2008,"Women",-1.44260254651693,-0.553472987924099,-2.08384144241195,"Americas",-0.120569660698238,58.4989742,4.73,-0.53258427230135
"Peru",2008,"Men",-1.46649286121068,-1.03505946245748,-1.03485437393867,"Americas",-1.13451504657713,58.4989742,4.73,-0.53258427230135
"Peru",2009,"Men",-1.35779818336322,-0.974124596258815,-1.11160952529038,"Americas",-1.0601086065686,570.4532468,5.36,0.567322451667111
"Peru",2009,"Women",-1.33490851012261,-0.487766566754381,-2.21176669466479,"Americas",-0.042379842384194,570.4532468,5.36,0.567322451667111
"Peru",2010,"Women",-1.30326322416702,-0.419205194491683,-2.31410689646706,"Americas",0.0408544803372075,69.43934508,5.3,-0.450516142065746
"Peru",2010,"Men",-1.30488926652837,-0.910956085790071,-1.21394972709265,"Americas",-0.98065766215272,69.43934508,5.3,-0.450516142065746
"Peru",2012,"Women",-1.27874750856506,-0.269959456199275,-2.5187873000716,"Americas",0.223717765103923,885.9858185,5.18,0.781081138364807
"Peru",2012,"Women",-1.29263140872739,-0.269959456199275,-2.5187873000716,"Americas",0.223717765103923,885.9858185,5.18,0.781081138364807
"Peru",2012,"Men",-1.27549542384235,-0.771564621897248,-1.36746002979605,"Americas",-0.809144512302559,885.9858185,5.18,0.781081138364807
"Peru",2013,"Men",-1.26323756604137,-0.694588674663793,-1.41863013069719,"Americas",-0.718343432970121,946.6521165,5.23,0.8132477870058
"Peru",2013,"Women",-1.2644883678578,-0.188058501762702,-2.62112750187387,"Americas",0.322085601047397,946.6521165,5.23,0.8132477870058
"Peru",2014,"Men",-1.2891291636414,-0.613189693386481,-1.49538528204889,"Americas",-0.623758975332165,973.728675,5.47,0.82694502780493
"Peru",2014,"Men",-1.27937290947327,-0.613189693386481,-1.49538528204889,"Americas",-0.623758975332165,973.728675,5.47,0.82694502780493
"Peru",2014,"Women",-1.27487002293414,-0.103316363216967,-2.72346770367614,"Americas",0.42423681529639,973.728675,5.47,0.82694502780493
"Uruguay",2000,"Men",1.87852643645871,0.542150256142274,2.80290319364647,"Americas",-0.695643163137012,645.9583816,7.82,0.627660275594051
"Uruguay",2000,"Women",1.80097672384027,0.95923317500356,0.577003804447087,"Americas",-0.15966456985526,645.9583816,7.82,0.627660275594051
"Uruguay",2001,"Men",1.86952066338044,0.575664669986904,2.7005629918442,"Americas",-0.622497849230326,421.4804282,7.46,0.420469005331413
"Uruguay",2001,"Women",1.95807743198344,1.00242896673874,0.449078552194249,"Americas",-0.0890415081522525,421.4804282,7.46,0.420469005331413
"Uruguay",2002,"Women",1.83825061796978,1.05308367643546,0.321153299941411,"Americas",-0.0184184464492454,27.46880965,7.18,-0.890991028448516
"Uruguay",2002,"Men",1.87264766792151,0.609923735706418,2.57263773959136,"Americas",-0.550613661425479,27.46880965,7.18,-0.890991028448516
"Uruguay",2003,"Women",2.12668551683773,1.11042823032378,0.167642997238005,"Americas",0.0522046152537622,160.8400141,6.52,-0.0460626074465835
"Uruguay",2003,"Men",2.12743599792759,0.645041373135093,2.41912743688796,"Americas",-0.478729473620632,160.8400141,6.52,-0.0460626074465835
"Uruguay",2004,"Women",2.05614029439127,1.17431570755978,0.0397177449851666,"Americas",0.124088803058609,882.356362,11.59,0.779087550823234
"Uruguay",2004,"Men",1.95157326253802,0.681570863979867,2.29120218463512,"Americas",-0.406845285815785,882.356362,11.59,0.779087550823234
"Uruguay",2005,"Men",1.78621726240644,0.71839807542287,2.13769188193171,"Americas",-0.3336999719091,152.5448405,11.15,-0.0716446457676605
"Uruguay",2005,"Women",1.95820251216508,1.24350924986288,-0.113792557718239,"Americas",0.198495243067134,152.5448405,11.15,-0.0716446457676605
"Uruguay",2006,"Women",1.5426861487482,1.31619605309489,-0.241717809971077,"Americas",0.274162809177499,1712.225506,11.17,1.10115257140666
"Uruguay",2006,"Men",1.68677851800053,0.752639141967574,1.95859652877774,"Americas",-0.261815784104253,1712.225506,11.17,1.10115257140666
"Uruguay",2007,"Women",2.08103125053816,1.39165055656962,-0.395228112674483,"Americas",0.353613753593383,14.47305874,8.23,-1.18743507807624
"Uruguay",2007,"Men",1.8872820491737,0.785787843947497,1.80508622607433,"Americas",-0.187409344095727,14.47305874,8.23,-1.18743507807624
"Uruguay",2008,"Women",1.64787858150966,1.47219697342281,-0.523153364927321,"Americas",0.435586950212945,24.73142261,8.17,-0.940144596953081
"Uruguay",2008,"Men",1.45963290813748,0.822909404840848,1.65157592337093,"Americas",-0.111741777985362,24.73142261,8.17,-0.940144596953081
"Uruguay",2009,"Men",1.38558544060503,0.862795049888316,1.49806562066752,"Americas",-0.0335519596713181,1871.736563,8.78,1.14443604544286
"Uruguay",2009,"Women",1.47601841193266,1.55549826971593,-0.65107861718016,"Americas",0.521343525138025,1871.736563,8.78,1.14443604544286
"Uruguay",2010,"Women",1.74043791592523,1.64083339146764,-0.804588919883565,"Americas",0.612144604470463,2331.532804,8.63,1.25118449858668
"Uruguay",2010,"Men",1.41435388238284,0.908382533210282,1.34455531796412,"Americas",0.0471601108464046,2331.532804,8.63,1.25118449858668
"Uruguay",2011,"Women",1.6344950020739,1.72776457301643,-0.906929121685836,"Americas",0.70546793600658,417.9117441,8.55,0.416344588345612
"Uruguay",2011,"Men",1.38283367660889,0.960737700448555,1.21663006571128,"Americas",0.131655559669645,417.9117441,8.55,0.416344588345612
"Uruguay",2012,"Women",1.7060408659735,1.82165539723384,-1.03485437393867,"Americas",0.802574645848215,339.7190493,8.74,0.315893439505792
"Uruguay",2012,"Men",1.33742957067261,1.01550489670594,1.06311976300787,"Americas",0.218673260696565,339.7190493,8.74,0.315893439505792
"Uruguay",2013,"Men",1.17019736781638,1.0738442357699,0.909609460304467,"Americas",0.308213213927164,482.8039445,8.68,0.486367729926637
"Uruguay",2013,"Women",1.47839493538387,1.91780690565292,-1.16277962619151,"Americas",0.903464733995368,482.8039445,8.68,0.486367729926637
"Uruguay",2014,"Men",1.05987664760757,1.13544293921736,0.781684208051629,"Americas",0.40153654546328,463.6397821,8.58,0.466716591588036
"Uruguay",2014,"Women",1.31066241180108,2.0167722169185,-1.29070487844435,"Americas",1.00561594824436,463.6397821,8.58,0.466716591588036
